id,timestamp,coin_id,symbol,name,price_usd,change_24h,market_cap,volume_24h,source_type
1,16-05-2025 12:14,bitcoin,btc,Bitcoin,104008,1.5652,2.06609E+12,31968119331,HISTORICAL
2,16-05-2025 12:14,ethereum,eth,Ethereum,2595.35,0.8171,3.13385E+11,23839425671,HISTORICAL
3,16-05-2025 12:14,dogecoin,doge,Dogecoin,0.227047,-0.8175,33893689073,2565418949,HISTORICAL
4,16-05-2025 12:15,bitcoin,btc,Bitcoin,104008,1.5655,2.06616E+12,31963856636,HISTORICAL
5,16-05-2025 12:15,ethereum,eth,Ethereum,2595.36,0.8176,3.13333E+11,23831872025,HISTORICAL
6,16-05-2025 12:15,dogecoin,doge,Dogecoin,0.227052,-0.8155,33893665423,2565024545,HISTORICAL
7,16-05-2025 12:15,bitcoin,btc,Bitcoin,104008,1.5655,2.06616E+12,31963856636,HISTORICAL
8,16-05-2025 12:15,ethereum,eth,Ethereum,2595.36,0.8176,3.13333E+11,23831872025,HISTORICAL
9,16-05-2025 12:15,dogecoin,doge,Dogecoin,0.227052,-0.8155,33893665423,2565024545,HISTORICAL
10,16-05-2025 12:15,bitcoin,btc,Bitcoin,104008,1.5655,2.06616E+12,31963856636,HISTORICAL
11,16-05-2025 12:15,ethereum,eth,Ethereum,2595.36,0.8176,3.13333E+11,23831872025,HISTORICAL
12,16-05-2025 12:15,dogecoin,doge,Dogecoin,0.227052,-0.8155,33893665423,2565024545,HISTORICAL
13,16-05-2025 13:15,bitcoin,btc,Bitcoin,103900,1.9391,2.06449E+12,33397743953,HISTORICAL
14,16-05-2025 13:15,ethereum,eth,Ethereum,2603.5,2.3113,3.14356E+11,25259318072,HISTORICAL
15,16-05-2025 13:15,dogecoin,doge,Dogecoin,0.226091,0.3701,33798716408,2712348892,HISTORICAL
16,16-05-2025 13:15,bitcoin,btc,Bitcoin,103900,1.9391,2.06449E+12,33397743953,HISTORICAL
17,16-05-2025 13:15,ethereum,eth,Ethereum,2603.5,2.3113,3.14356E+11,25259318072,HISTORICAL
18,16-05-2025 13:15,dogecoin,doge,Dogecoin,0.226091,0.3701,33798716408,2712348892,HISTORICAL
19,16-05-2025 13:15,bitcoin,btc,Bitcoin,103900,1.9391,2.06449E+12,33397743953,HISTORICAL
20,16-05-2025 13:15,ethereum,eth,Ethereum,2603.5,2.3113,3.14356E+11,25259318072,HISTORICAL
21,16-05-2025 13:15,dogecoin,doge,Dogecoin,0.226091,0.3701,33798716408,2712348892,HISTORICAL
22,16-05-2025 13:55,bitcoin,btc,Bitcoin,103447,1.3894,2.05536E+12,32598568737,HISTORICAL
23,16-05-2025 13:55,ethereum,eth,Ethereum,2592.13,1.9756,3.1331E+11,24763170343,HISTORICAL
24,16-05-2025 13:55,dogecoin,doge,Dogecoin,0.225204,-0.2117,33626409188,2651111810,HISTORICAL
25,16-05-2025 13:55,bitcoin,btc,Bitcoin,103447,1.3894,2.05536E+12,32598568737,HISTORICAL
26,16-05-2025 13:55,ethereum,eth,Ethereum,2592.13,1.9756,3.1331E+11,24763170343,HISTORICAL
27,16-05-2025 13:55,dogecoin,doge,Dogecoin,0.225204,-0.2117,33626409188,2651111810,HISTORICAL
28,16-05-2025 13:55,bitcoin,btc,Bitcoin,103447,1.3894,2.05536E+12,32598568737,HISTORICAL
29,16-05-2025 13:55,ethereum,eth,Ethereum,2592.13,1.9756,3.1331E+11,24763170343,HISTORICAL
30,16-05-2025 13:55,dogecoin,doge,Dogecoin,0.225204,-0.2117,33626409188,2651111810,HISTORICAL
31,16-05-2025 13:55,bitcoin,btc,Bitcoin,103447,1.3894,2.05536E+12,32598568737,HISTORICAL
32,16-05-2025 13:55,ethereum,eth,Ethereum,2592.13,1.9756,3.1331E+11,24763170343,HISTORICAL
33,16-05-2025 13:55,dogecoin,doge,Dogecoin,0.225204,-0.2117,33626409188,2651111810,HISTORICAL
34,16-05-2025 14:15,bitcoin,btc,Bitcoin,103306,1.1428,2.05229E+12,32313865523,HISTORICAL
35,16-05-2025 14:15,ethereum,eth,Ethereum,2572.1,0.8206,3.1069E+11,24984212938,HISTORICAL
36,16-05-2025 14:15,dogecoin,doge,Dogecoin,0.223607,-1.2766,33383285097,2656579593,HISTORICAL
37,16-05-2025 14:20,bitcoin,btc,Bitcoin,103302,1.1176,2.05218E+12,32195595130,HISTORICAL
38,16-05-2025 14:20,ethereum,eth,Ethereum,2567.55,0.5884,3.10414E+11,23698882275,HISTORICAL
39,16-05-2025 14:20,dogecoin,doge,Dogecoin,0.223468,-1.495,33364036571,2653327486,HISTORICAL
40,17-05-2025 12:53,bitcoin,btc,Bitcoin,103499,-0.4873,2.05569E+12,24398498657,HISTORICAL
41,17-05-2025 12:53,ethereum,eth,Ethereum,2499.1,-3.7419,3.01627E+11,23701850925,HISTORICAL
42,17-05-2025 12:53,dogecoin,doge,Dogecoin,0.218012,-3.6905,32527284086,1859244414,HISTORICAL
43,17-05-2025 12:53,bitcoin,btc,Bitcoin,103499,-0.4873,2.05569E+12,24398498657,HISTORICAL
44,17-05-2025 12:53,ethereum,eth,Ethereum,2499.1,-3.7419,3.01627E+11,23701850925,HISTORICAL
45,17-05-2025 12:53,dogecoin,doge,Dogecoin,0.218012,-3.6905,32527284086,1859244414,HISTORICAL
46,17-05-2025 12:53,bitcoin,btc,Bitcoin,103499,-0.4873,2.05569E+12,24398498657,HISTORICAL
47,17-05-2025 12:53,ethereum,eth,Ethereum,2499.1,-3.7419,3.01627E+11,23701850925,HISTORICAL
48,17-05-2025 12:53,dogecoin,doge,Dogecoin,0.218012,-3.6905,32527284086,1859244414,HISTORICAL
49,17-05-2025 12:53,bitcoin,btc,Bitcoin,103499,-0.4873,2.05569E+12,24398498657,HISTORICAL
50,17-05-2025 12:53,ethereum,eth,Ethereum,2499.1,-3.7419,3.01627E+11,23701850925,HISTORICAL
51,17-05-2025 12:53,dogecoin,doge,Dogecoin,0.218012,-3.6905,32527284086,1859244414,HISTORICAL
52,17-05-2025 12:54,bitcoin,btc,Bitcoin,103499,-0.4873,2.05569E+12,24398498657,HISTORICAL
53,17-05-2025 12:54,ethereum,eth,Ethereum,2499.1,-3.7419,3.01627E+11,23701850925,HISTORICAL
54,17-05-2025 12:54,dogecoin,doge,Dogecoin,0.218012,-3.6905,32527284086,1859244414,HISTORICAL
55,17-05-2025 12:59,bitcoin,btc,Bitcoin,103523,-0.4781,2.05617E+12,24563923102,HISTORICAL
56,17-05-2025 12:59,ethereum,eth,Ethereum,2501.17,-3.8197,3.01811E+11,23415087472,HISTORICAL
57,17-05-2025 12:59,dogecoin,doge,Dogecoin,0.218102,-3.7068,32526523675,1824297011,HISTORICAL
58,17-05-2025 13:04,bitcoin,btc,Bitcoin,103559,-0.3892,2.05721E+12,24294419354,HISTORICAL
59,17-05-2025 13:04,ethereum,eth,Ethereum,2501.98,-3.7943,3.02052E+11,23091390794,HISTORICAL
60,17-05-2025 13:04,dogecoin,doge,Dogecoin,0.218461,-3.5383,32611130511,1726171191,HISTORICAL
61,17-05-2025 13:09,bitcoin,btc,Bitcoin,103557,-0.3567,2.05724E+12,24230144661,HISTORICAL
62,17-05-2025 13:09,ethereum,eth,Ethereum,2501.02,-3.9023,3.0197E+11,23156188682,HISTORICAL
63,17-05-2025 13:09,dogecoin,doge,Dogecoin,0.218379,-3.5586,32606267463,1839334105,HISTORICAL
64,17-05-2025 13:14,bitcoin,btc,Bitcoin,103569,-0.311,2.05764E+12,22674053355,HISTORICAL
65,17-05-2025 13:14,ethereum,eth,Ethereum,2500.29,-3.95,3.01887E+11,23116709967,HISTORICAL
66,17-05-2025 13:14,dogecoin,doge,Dogecoin,0.218061,-3.5315,32586429949,1837862862,HISTORICAL
67,17-05-2025 13:19,bitcoin,btc,Bitcoin,103513,-0.3315,2.05733E+12,24112535812,HISTORICAL
68,17-05-2025 13:19,ethereum,eth,Ethereum,2496.77,-4.0893,3.01772E+11,23047636577,HISTORICAL
69,17-05-2025 13:19,dogecoin,doge,Dogecoin,0.217683,-3.715,32530444812,1836737276,HISTORICAL
70,17-05-2025 13:24,bitcoin,btc,Bitcoin,103487,-0.3409,2.05588E+12,24036588821,HISTORICAL
71,17-05-2025 13:24,ethereum,eth,Ethereum,2494.1,-4.1799,3.01171E+11,23223068845,HISTORICAL
72,17-05-2025 13:24,dogecoin,doge,Dogecoin,0.217541,-3.7678,32478563477,1836697066,HISTORICAL
73,17-05-2025 13:24,bitcoin,btc,Bitcoin,103487,-0.3409,2.05588E+12,24036588821,HISTORICAL
74,17-05-2025 13:24,ethereum,eth,Ethereum,2494.1,-4.1799,3.01171E+11,23223068845,HISTORICAL
75,17-05-2025 13:24,dogecoin,doge,Dogecoin,0.217541,-3.7678,32478563477,1836697066,HISTORICAL
76,17-05-2025 13:24,bitcoin,btc,Bitcoin,103487,-0.3409,2.05588E+12,24036588821,HISTORICAL
77,17-05-2025 13:24,ethereum,eth,Ethereum,2494.1,-4.1799,3.01171E+11,23223068845,HISTORICAL
78,17-05-2025 13:24,dogecoin,doge,Dogecoin,0.217541,-3.7678,32478563477,1836697066,HISTORICAL
79,17-05-2025 13:24,bitcoin,btc,Bitcoin,103487,-0.3409,2.05588E+12,24036588821,HISTORICAL
80,17-05-2025 13:24,ethereum,eth,Ethereum,2494.1,-4.1799,3.01171E+11,23223068845,HISTORICAL
81,17-05-2025 13:24,dogecoin,doge,Dogecoin,0.217541,-3.7678,32478563477,1836697066,HISTORICAL
82,17-05-2025 19:38,bitcoin,btc,Bitcoin,102795,-0.9493,2.04188E+12,22328050965,HISTORICAL
83,17-05-2025 19:38,ethereum,eth,Ethereum,2459.7,-5.4339,2.96851E+11,19690525840,HISTORICAL
84,17-05-2025 19:38,dogecoin,doge,Dogecoin,0.213226,-6.5137,31820561335,1689538588,HISTORICAL
85,17-05-2025 19:38,bitcoin,btc,Bitcoin,102795,-0.9493,2.04188E+12,22328050965,HISTORICAL
86,17-05-2025 19:38,ethereum,eth,Ethereum,2459.7,-5.4339,2.96851E+11,19690525840,HISTORICAL
87,17-05-2025 19:38,dogecoin,doge,Dogecoin,0.213226,-6.5137,31820561335,1689538588,HISTORICAL
88,17-05-2025 19:38,bitcoin,btc,Bitcoin,102795,-0.9493,2.04188E+12,22328050965,HISTORICAL
89,17-05-2025 19:38,ethereum,eth,Ethereum,2459.7,-5.4339,2.96851E+11,19690525840,HISTORICAL
90,17-05-2025 19:38,dogecoin,doge,Dogecoin,0.213226,-6.5137,31820561335,1689538588,HISTORICAL
91,17-05-2025 19:38,bitcoin,btc,Bitcoin,102795,-0.9493,2.04188E+12,22328050965,HISTORICAL
92,17-05-2025 19:38,ethereum,eth,Ethereum,2459.7,-5.4339,2.96851E+11,19690525840,HISTORICAL
93,17-05-2025 19:38,dogecoin,doge,Dogecoin,0.213226,-6.5137,31820561335,1689538588,HISTORICAL
94,01-04-2013 05:30,bitcoin,btc,Bitcoin,139,NULL,1542813125,0,HISTORICAL
95,01-05-2013 05:30,bitcoin,btc,Bitcoin,129,NULL,1447870200,0,HISTORICAL
96,01-06-2013 05:30,bitcoin,btc,Bitcoin,96.61399841,NULL,1096957771,0,HISTORICAL
97,01-07-2013 05:30,bitcoin,btc,Bitcoin,106.0899963,NULL,1218777834,0,HISTORICAL
98,01-08-2013 05:30,bitcoin,btc,Bitcoin,135.3500061,NULL,1574672051,0,HISTORICAL
99,01-09-2013 05:30,bitcoin,btc,Bitcoin,133,NULL,1566038425,0,HISTORICAL
100,01-10-2013 05:30,bitcoin,btc,Bitcoin,204,NULL,2433658800,0,HISTORICAL
101,01-11-2013 05:30,bitcoin,btc,Bitcoin,1129.430054,NULL,13620389321,0,HISTORICAL
102,01-12-2013 05:30,bitcoin,btc,Bitcoin,754.0100098,NULL,9191325349,20897300,HISTORICAL
103,01-01-2014 05:30,bitcoin,btc,Bitcoin,829.9199829,NULL,10238411820,17107900,HISTORICAL
104,01-02-2014 05:30,bitcoin,btc,Bitcoin,549.2600098,NULL,6843353924,28076100,HISTORICAL
105,01-03-2014 05:30,bitcoin,btc,Bitcoin,457.0010071,NULL,5752294437,28254000,HISTORICAL
106,01-04-2014 05:30,bitcoin,btc,Bitcoin,447.644989,NULL,5690810165,15244900,HISTORICAL
107,01-05-2014 05:30,bitcoin,btc,Bitcoin,623.677002,NULL,8007248676,15107100,HISTORICAL
108,01-06-2014 05:30,bitcoin,btc,Bitcoin,639.7969971,NULL,8296103745,46422400,HISTORICAL
109,01-07-2014 05:30,bitcoin,btc,Bitcoin,586.2349854,NULL,7670841007,22467900,HISTORICAL
110,01-08-2014 05:30,bitcoin,btc,Bitcoin,477.7630005,NULL,6312801960,44632300,HISTORICAL
111,01-09-2014 05:30,bitcoin,btc,Bitcoin,386.9440002,NULL,5158621325,34707300,HISTORICAL
112,01-10-2014 05:30,bitcoin,btc,Bitcoin,338.3210144,NULL,4549893052,12545400,HISTORICAL
113,01-11-2014 05:30,bitcoin,btc,Bitcoin,378.0469971,NULL,5125958175,9194440,HISTORICAL
114,01-12-2014 05:30,bitcoin,btc,Bitcoin,320.1929932,NULL,4377510595,13942900,HISTORICAL
115,01-01-2015 05:30,bitcoin,btc,Bitcoin,217.4640045,NULL,2997692311,23348200,HISTORICAL
116,01-02-2015 05:30,bitcoin,btc,Bitcoin,254.2630005,NULL,3531776636,13949300,HISTORICAL
117,01-03-2015 05:30,bitcoin,btc,Bitcoin,244.223999,NULL,3420112896,22672000,HISTORICAL
118,01-04-2015 05:30,bitcoin,btc,Bitcoin,236.1450043,NULL,3332094504,33818600,HISTORICAL
119,01-05-2015 05:30,bitcoin,btc,Bitcoin,230.1900024,NULL,3273756425,14730800,HISTORICAL
120,01-06-2015 05:30,bitcoin,btc,Bitcoin,263.071991,NULL,3770229522,44533800,HISTORICAL
121,01-07-2015 05:30,bitcoin,btc,Bitcoin,284.6499939,NULL,4112089481,23629100,HISTORICAL
122,01-08-2015 05:30,bitcoin,btc,Bitcoin,230.0559998,NULL,3349845416,20710700,HISTORICAL
123,01-09-2015 05:30,bitcoin,btc,Bitcoin,236.0599976,NULL,3463625759,19743500,HISTORICAL
124,01-10-2015 05:30,bitcoin,btc,Bitcoin,314.1659851,NULL,4645486246,48598100,HISTORICAL
125,01-11-2015 05:30,bitcoin,btc,Bitcoin,377.3210144,NULL,5623195997,71701600,HISTORICAL
126,01-12-2015 05:30,bitcoin,btc,Bitcoin,430.5669861,NULL,6471217491,45996600,HISTORICAL
127,01-01-2016 05:30,bitcoin,btc,Bitcoin,368.7669983,NULL,5587253351,37894300,HISTORICAL
128,01-02-2016 05:30,bitcoin,btc,Bitcoin,437.696991,NULL,6681444705,60694700,HISTORICAL
129,01-03-2016 05:30,bitcoin,btc,Bitcoin,416.7290039,NULL,6409062819,60215200,HISTORICAL
130,01-04-2016 05:30,bitcoin,btc,Bitcoin,448.3179932,NULL,6944860514,69322600,HISTORICAL
131,01-05-2016 05:30,bitcoin,btc,Bitcoin,531.3859863,NULL,8293035755,138450000,HISTORICAL
132,01-06-2016 05:30,bitcoin,btc,Bitcoin,673.3369751,NULL,10583527799,138980000,HISTORICAL
133,01-07-2016 05:30,bitcoin,btc,Bitcoin,624.6810303,NULL,9861866433,110818000,HISTORICAL
134,01-08-2016 05:30,bitcoin,btc,Bitcoin,575.4719849,NULL,9117106217,75840896,HISTORICAL
135,01-09-2016 05:30,bitcoin,btc,Bitcoin,609.7349854,NULL,9693198750,56122400,HISTORICAL
136,01-10-2016 05:30,bitcoin,btc,Bitcoin,700.9719849,NULL,11181852070,97064400,HISTORICAL
137,01-11-2016 05:30,bitcoin,btc,Bitcoin,745.690979,NULL,11943536630,84070800,HISTORICAL
138,01-12-2016 05:30,bitcoin,btc,Bitcoin,963.742981,NULL,15492554222,99135104,HISTORICAL
139,01-01-2017 05:30,bitcoin,btc,Bitcoin,970.4030151,NULL,15659186515,164582000,HISTORICAL
140,01-02-2017 05:30,bitcoin,btc,Bitcoin,1179.969971,NULL,19103684801,184956000,HISTORICAL
141,01-03-2017 05:30,bitcoin,btc,Bitcoin,1071.790039,NULL,17414322808,447287008,HISTORICAL
142,01-04-2017 05:30,bitcoin,btc,Bitcoin,1347.890015,NULL,21975104909,413115008,HISTORICAL
143,01-05-2017 05:30,bitcoin,btc,Bitcoin,2286.409912,NULL,37414813240,1544829952,HISTORICAL
144,01-06-2017 05:30,bitcoin,btc,Bitcoin,2480.840088,NULL,40735082695,860273024,HISTORICAL
145,01-07-2017 05:30,bitcoin,btc,Bitcoin,2875.340088,NULL,47388334773,860574976,HISTORICAL
146,01-08-2017 05:30,bitcoin,btc,Bitcoin,4703.390137,NULL,77775374625,1944930048,HISTORICAL
147,01-09-2017 05:30,bitcoin,btc,Bitcoin,4338.709961,NULL,72008428789,1207449984,HISTORICAL
148,01-10-2017 05:30,bitcoin,btc,Bitcoin,6468.399902,NULL,1.07744E+11,2311379968,HISTORICAL
149,01-11-2017 05:30,bitcoin,btc,Bitcoin,10233.59961,NULL,1.7102E+11,8310689792,HISTORICAL
150,01-12-2017 05:30,bitcoin,btc,Bitcoin,14156.40039,NULL,2.37466E+11,12136299520,HISTORICAL
151,01-01-2018 05:30,bitcoin,btc,Bitcoin,10221.09961,NULL,1.721E+11,8041160192,HISTORICAL
152,01-02-2018 05:30,bitcoin,btc,Bitcoin,10397.90039,NULL,1.75644E+11,6936189952,HISTORICAL
153,01-03-2018 05:30,bitcoin,btc,Bitcoin,6973.529785,NULL,1.18205E+11,4553269760,HISTORICAL
154,01-04-2018 05:30,bitcoin,btc,Bitcoin,9240.549805,NULL,1.57164E+11,8673920000,HISTORICAL
155,01-05-2018 05:30,bitcoin,btc,Bitcoin,7494.169922,NULL,1.27903E+11,5127130112,HISTORICAL
156,01-06-2018 05:30,bitcoin,btc,Bitcoin,6404,NULL,1.09666E+11,4543860224,HISTORICAL
157,01-07-2018 05:30,bitcoin,btc,Bitcoin,7780.44,NULL,1.33688E+11,5287530000,HISTORICAL
158,01-08-2018 05:30,bitcoin,btc,Bitcoin,7037.58,NULL,1.21347E+11,4495650000,HISTORICAL
159,01-09-2018 05:30,bitcoin,btc,Bitcoin,6625.56,NULL,1.14609E+11,4002280000,HISTORICAL
160,01-10-2018 05:30,bitcoin,btc,Bitcoin,6317.61,NULL,1.09627E+11,4191240000,HISTORICAL
161,01-11-2018 05:30,bitcoin,btc,Bitcoin,4017.268457,NULL,69904637061,6048016717,HISTORICAL
162,01-12-2018 05:30,bitcoin,btc,Bitcoin,3742.700335,NULL,65331499158,4661840806,HISTORICAL
163,01-01-2019 05:30,bitcoin,btc,Bitcoin,3457.792747,NULL,60553903927,5831198271,HISTORICAL
164,01-02-2019 05:30,bitcoin,btc,Bitcoin,3854.785282,NULL,67704774107,8399767798,HISTORICAL
165,01-03-2019 05:30,bitcoin,btc,Bitcoin,4105.404296,NULL,72339379036,9045122443,HISTORICAL
166,01-04-2019 05:30,bitcoin,btc,Bitcoin,5350.726697,NULL,94573826827,13878964574,HISTORICAL
167,01-05-2019 05:30,bitcoin,btc,Bitcoin,8574.501649,NULL,1.5206E+11,25365190957,HISTORICAL
168,01-06-2019 05:30,bitcoin,btc,Bitcoin,10817.1556,NULL,1.92442E+11,27256473494,HISTORICAL
169,01-07-2019 05:30,bitcoin,btc,Bitcoin,10085.62775,NULL,1.80029E+11,16631520648,HISTORICAL
170,01-08-2019 05:30,bitcoin,btc,Bitcoin,9630.663848,NULL,1.72471E+11,11454806419,HISTORICAL
171,01-09-2019 05:30,bitcoin,btc,Bitcoin,8293.867741,NULL,1.49012E+11,17115474183,HISTORICAL
172,01-10-2019 05:30,bitcoin,btc,Bitcoin,9199.584833,NULL,1.65804E+11,26583653947,HISTORICAL
173,01-11-2019 05:30,bitcoin,btc,Bitcoin,7569.630122,NULL,1.36829E+11,17158194786,HISTORICAL
174,01-12-2019 05:30,bitcoin,btc,Bitcoin,7193.598978,NULL,1.30446E+11,21167946112,HISTORICAL
175,01-01-2020 05:30,bitcoin,btc,Bitcoin,9350.529365,NULL,1.70113E+11,29432489719,HISTORICAL
176,01-02-2020 05:30,bitcoin,btc,Bitcoin,8599.50862,NULL,1.56896E+11,35792392544,HISTORICAL
177,01-03-2020 05:30,bitcoin,btc,Bitcoin,6438.644766,NULL,1.17814E+11,32786468812,HISTORICAL
178,01-04-2020 05:30,bitcoin,btc,Bitcoin,8658.55418,NULL,1.58922E+11,66964629541,HISTORICAL
179,01-05-2020 05:30,bitcoin,btc,Bitcoin,9461.058918,NULL,1.73997E+11,27773290299,HISTORICAL
180,01-06-2020 05:30,bitcoin,btc,Bitcoin,9137.9934,NULL,1.68316E+11,15735797744,HISTORICAL
181,01-07-2020 05:30,bitcoin,btc,Bitcoin,11323.46642,NULL,2.08895E+11,23160469766,HISTORICAL
182,01-08-2020 05:30,bitcoin,btc,Bitcoin,10804.94122,NULL,1.9963E+11,5.54052E+11,HISTORICAL
183,01-09-2020 05:30,bitcoin,btc,Bitcoin,10784.49158,NULL,1.99557E+11,1.17478E+12,HISTORICAL
184,01-10-2020 05:30,bitcoin,btc,Bitcoin,13780.9947,NULL,2.55372E+11,1.05087E+12,HISTORICAL
185,01-11-2020 05:30,bitcoin,btc,Bitcoin,19625.83503,NULL,3.6423E+11,1.14087E+12,HISTORICAL
186,01-12-2020 05:30,bitcoin,btc,Bitcoin,29001.71982,NULL,5.39051E+11,1.21226E+12,HISTORICAL
187,01-01-2021 05:30,bitcoin,btc,Bitcoin,33114.35775,NULL,6.16453E+11,2.15347E+12,HISTORICAL
188,01-02-2021 05:30,bitcoin,btc,Bitcoin,45137.77047,NULL,8.41429E+11,2.26715E+12,HISTORICAL
189,01-03-2021 05:30,bitcoin,btc,Bitcoin,58918.83271,NULL,1.10002E+12,1.68118E+12,HISTORICAL
190,01-04-2021 05:30,bitcoin,btc,Bitcoin,57750.17735,NULL,1.07967E+12,1.84448E+12,HISTORICAL
191,01-05-2021 05:30,bitcoin,btc,Bitcoin,37332.85369,NULL,6.9899E+11,1.97659E+12,HISTORICAL
192,01-06-2021 05:30,bitcoin,btc,Bitcoin,35040.83725,NULL,6.56853E+11,1.18965E+12,HISTORICAL
193,01-07-2021 05:30,bitcoin,btc,Bitcoin,41626.19568,NULL,7.81431E+11,8.77979E+11,HISTORICAL
194,01-08-2021 05:30,bitcoin,btc,Bitcoin,47166.68795,NULL,8.8687E+11,1.06564E+12,HISTORICAL
195,01-09-2021 05:30,bitcoin,btc,Bitcoin,43790.89563,NULL,8.24619E+11,1.10214E+12,HISTORICAL
196,01-10-2021 05:30,bitcoin,btc,Bitcoin,61318.95777,NULL,1.15649E+12,1.15308E+12,HISTORICAL
197,01-11-2021 05:30,bitcoin,btc,Bitcoin,57005.42547,NULL,1.07669E+12,1.05327E+12,HISTORICAL
198,01-12-2021 05:30,bitcoin,btc,Bitcoin,46306.44612,NULL,8.75939E+11,9.57047E+11,HISTORICAL
199,01-01-2022 05:30,bitcoin,btc,Bitcoin,38483.12631,NULL,7.29074E+11,9.23979E+11,HISTORICAL
200,01-02-2022 05:30,bitcoin,btc,Bitcoin,43193.23403,NULL,8.19415E+11,6.71336E+11,HISTORICAL
201,01-03-2022 05:30,bitcoin,btc,Bitcoin,45538.67692,NULL,8.65202E+11,8.30944E+11,HISTORICAL
202,01-04-2022 05:30,bitcoin,btc,Bitcoin,37714.87555,NULL,7.17597E+11,8.30116E+11,HISTORICAL
203,01-05-2022 05:30,bitcoin,btc,Bitcoin,31792.30994,NULL,6.05798E+11,1.08942E+12,HISTORICAL
204,01-06-2022 05:30,bitcoin,btc,Bitcoin,19784.72649,NULL,3.77526E+11,9.23939E+11,HISTORICAL
205,01-07-2022 05:30,bitcoin,btc,Bitcoin,23336.8956,NULL,4.45941E+11,9.27582E+11,HISTORICAL
206,01-08-2022 05:30,bitcoin,btc,Bitcoin,20049.76319,NULL,3.8371E+11,8.94193E+11,HISTORICAL
207,01-09-2022 05:30,bitcoin,btc,Bitcoin,19431.78945,NULL,3.72415E+11,1.12327E+12,HISTORICAL
208,01-10-2022 05:30,bitcoin,btc,Bitcoin,20495.77423,NULL,3.93413E+11,9.57903E+11,HISTORICAL
209,01-11-2022 05:30,bitcoin,btc,Bitcoin,17168.56555,NULL,3.29998E+11,1.22453E+12,HISTORICAL
210,01-12-2022 05:30,bitcoin,btc,Bitcoin,16547.49537,NULL,3.18516E+11,5.67257E+11,HISTORICAL
211,01-01-2023 05:30,bitcoin,btc,Bitcoin,23139.28391,NULL,4.46082E+11,6.90929E+11,HISTORICAL
212,01-02-2023 05:30,bitcoin,btc,Bitcoin,23147.35339,NULL,4.46847E+11,7.23969E+11,HISTORICAL
213,01-03-2023 05:30,bitcoin,btc,Bitcoin,28478.48461,NULL,5.50593E+11,8.833E+11,HISTORICAL
214,01-04-2023 05:30,bitcoin,btc,Bitcoin,29268.80704,NULL,5.66661E+11,5.3106E+11,HISTORICAL
215,01-05-2023 05:30,bitcoin,btc,Bitcoin,27219.65861,NULL,5.27773E+11,4.43473E+11,HISTORICAL
216,01-06-2023 05:30,bitcoin,btc,Bitcoin,30477.25128,NULL,5.91758E+11,4.81734E+11,HISTORICAL
217,01-07-2023 05:30,bitcoin,btc,Bitcoin,29230.11088,NULL,5.68366E+11,3.82224E+11,HISTORICAL
218,01-08-2023 05:30,bitcoin,btc,Bitcoin,25931.47289,NULL,5.04958E+11,4.37724E+11,HISTORICAL
219,01-09-2023 05:30,bitcoin,btc,Bitcoin,26967.9163,NULL,5.25886E+11,3.37637E+11,HISTORICAL
220,01-10-2023 05:30,bitcoin,btc,Bitcoin,34667.77936,NULL,6.77048E+11,4.76426E+11,HISTORICAL
221,01-11-2023 05:30,bitcoin,btc,Bitcoin,37712.74777,NULL,7.37561E+11,5.70863E+11,HISTORICAL
222,01-12-2023 05:30,bitcoin,btc,Bitcoin,42265.18565,NULL,8.27811E+11,7.21705E+11,HISTORICAL
223,01-01-2024 05:30,bitcoin,btc,Bitcoin,42582.60639,NULL,8.35231E+11,8.25919E+11,HISTORICAL
224,01-02-2024 05:30,bitcoin,btc,Bitcoin,61198.3829,NULL,1.20201E+12,8.30722E+11,HISTORICAL
225,01-03-2024 05:30,bitcoin,btc,Bitcoin,71333.64793,NULL,1.40311E+12,1.44642E+12,HISTORICAL
226,01-04-2024 05:30,bitcoin,btc,Bitcoin,60636.85678,NULL,1.19354E+12,1.01607E+12,HISTORICAL
227,01-05-2024 05:30,bitcoin,btc,Bitcoin,67489.61178,NULL,1.32996E+12,8.74292E+11,HISTORICAL
228,01-06-2024 05:30,bitcoin,btc,Bitcoin,62678.29208,NULL,1.23594E+12,7.51727E+11,HISTORICAL
229,01-07-2024 05:30,bitcoin,btc,Bitcoin,64619.24965,NULL,1.27532E+12,9.53396E+11,HISTORICAL
230,01-08-2024 05:30,bitcoin,btc,Bitcoin,58969.89837,NULL,1.16452E+12,1.07653E+12,HISTORICAL
231,01-09-2024 05:30,bitcoin,btc,Bitcoin,63329.49813,NULL,1.25146E+12,9.35228E+11,HISTORICAL
232,01-10-2024 05:30,bitcoin,btc,Bitcoin,70215.18563,NULL,1.38861E+12,1.04928E+12,HISTORICAL
233,01-11-2024 05:30,bitcoin,btc,Bitcoin,96449.05581,NULL,1.90865E+12,2.21409E+12,HISTORICAL
234,01-12-2024 05:30,bitcoin,btc,Bitcoin,93429.20281,NULL,1.85018E+12,2.36757E+12,HISTORICAL
235,01-01-2025 05:30,bitcoin,btc,Bitcoin,102405.0271,NULL,2.02943E+12,1.91758E+12,HISTORICAL
236,01-02-2025 05:30,bitcoin,btc,Bitcoin,84373.01033,NULL,1.67322E+12,1.38949E+12,HISTORICAL
237,01-03-2025 05:30,bitcoin,btc,Bitcoin,82548.91096,NULL,1.63822E+12,1.13333E+12,HISTORICAL
238,01-04-2025 05:30,bitcoin,btc,Bitcoin,94207.3113,NULL,1.87091E+12,1.06097E+12,HISTORICAL
239,01-05-2025 05:30,bitcoin,btc,Bitcoin,103395.6558,NULL,0,0,HISTORICAL
240,01-09-2015 05:30,ethereum,eth,Ethereum,0.738644,NULL,54351468,619926,HISTORICAL
241,01-10-2015 05:30,ethereum,eth,Ethereum,0.91662699,NULL,68163368,673892,HISTORICAL
242,01-11-2015 05:30,ethereum,eth,Ethereum,0.873119,NULL,65589555,784439,HISTORICAL
243,01-12-2015 05:30,ethereum,eth,Ethereum,0.93354201,NULL,70858023,663994,HISTORICAL
244,01-01-2016 05:30,ethereum,eth,Ethereum,2.30604005,NULL,176834424,5847500,HISTORICAL
245,01-02-2016 05:30,ethereum,eth,Ethereum,6.33698988,NULL,490556570,7648020,HISTORICAL
246,01-03-2016 05:30,ethereum,eth,Ethereum,11.4034996,NULL,896764774,14966700,HISTORICAL
247,01-04-2016 05:30,ethereum,eth,Ethereum,8.8139801,NULL,701473017,36573300,HISTORICAL
248,01-05-2016 05:30,ethereum,eth,Ethereum,14.07730007,NULL,1134278934,42433400,HISTORICAL
249,01-06-2016 05:30,ethereum,eth,Ethereum,12.46150017,NULL,1016130567,15801300,HISTORICAL
250,01-07-2016 05:30,ethereum,eth,Ethereum,11.87590027,NULL,980174931,25441400,HISTORICAL
251,01-08-2016 05:30,ethereum,eth,Ethereum,11.67240047,NULL,975003119,11073700,HISTORICAL
252,01-09-2016 05:30,ethereum,eth,Ethereum,13.22480011,NULL,1117517388,5950840,HISTORICAL
253,01-10-2016 05:30,ethereum,eth,Ethereum,10.99820042,NULL,940578264,13393900,HISTORICAL
254,01-11-2016 05:30,ethereum,eth,Ethereum,8.58753967,NULL,742664775,10626600,HISTORICAL
255,01-12-2016 05:30,ethereum,eth,Ethereum,7.9691,NULL,696993600,9066800,HISTORICAL
256,01-01-2017 05:30,ethereum,eth,Ethereum,10.72749996,NULL,948748952,11648700,HISTORICAL
257,01-02-2017 05:30,ethereum,eth,Ethereum,15.81719971,NULL,1412825288,65478900,HISTORICAL
258,01-03-2017 05:30,ethereum,eth,Ethereum,50.03730011,NULL,4517835716,151416000,HISTORICAL
259,01-04-2017 05:30,ethereum,eth,Ethereum,79.02120209,NULL,7206669917,229944992,HISTORICAL
260,01-05-2017 05:30,ethereum,eth,Ethereum,230.6690064,NULL,21244817139,1271600000,HISTORICAL
261,01-06-2017 05:30,ethereum,eth,Ethereum,294.9159851,NULL,27404731860,1011800000,HISTORICAL
262,01-07-2017 05:30,ethereum,eth,Ethereum,203.8710022,NULL,19102596754,569414016,HISTORICAL
263,01-08-2017 05:30,ethereum,eth,Ethereum,383.0419922,NULL,36142706814,706254016,HISTORICAL
264,01-09-2017 05:30,ethereum,eth,Ethereum,301.4649963,NULL,28607406298,332439008,HISTORICAL
265,01-10-2017 05:30,ethereum,eth,Ethereum,305.8789978,NULL,29194751985,369583008,HISTORICAL
266,01-11-2017 05:30,ethereum,eth,Ethereum,447.1140137,NULL,42947937239,1903040000,HISTORICAL
267,01-12-2017 05:30,ethereum,eth,Ethereum,756.7329712,NULL,73170170967,2554269952,HISTORICAL
268,01-01-2018 05:30,ethereum,eth,Ethereum,1118.310059,NULL,1.08849E+11,3757560064,HISTORICAL
269,01-02-2018 05:30,ethereum,eth,Ethereum,855.1989746,NULL,83728564149,1963980032,HISTORICAL
270,01-03-2018 05:30,ethereum,eth,Ethereum,396.4570007,NULL,39066085342,1323920000,HISTORICAL
271,01-04-2018 05:30,ethereum,eth,Ethereum,669.9240112,NULL,66423712256,2853100032,HISTORICAL
272,01-05-2018 05:30,ethereum,eth,Ethereum,577.6450195,NULL,57643138807,1985040000,HISTORICAL
273,01-06-2018 05:30,ethereum,eth,Ethereum,455.1799927,NULL,45703302056,1475939968,HISTORICAL
274,01-07-2018 05:30,ethereum,eth,Ethereum,433.867,NULL,43839034237,1820680000,HISTORICAL
275,01-08-2018 05:30,ethereum,eth,Ethereum,283.004,NULL,28774922508,1411910000,HISTORICAL
276,01-09-2018 05:30,ethereum,eth,Ethereum,232.848,NULL,23817805502,1765560000,HISTORICAL
277,01-10-2018 05:30,ethereum,eth,Ethereum,197.381,NULL,20314628127,1442380000,HISTORICAL
278,01-11-2018 05:30,ethereum,eth,Ethereum,113.1714211,NULL,11716096076,2020748396,HISTORICAL
279,01-12-2018 05:30,ethereum,eth,Ethereum,133.3682635,NULL,13886837730,2358360234,HISTORICAL
280,01-01-2019 05:30,ethereum,eth,Ethereum,107.0610131,NULL,11204735502,2828796031,HISTORICAL
281,01-02-2019 05:30,ethereum,eth,Ethereum,136.746252,NULL,14365118213,4535438953,HISTORICAL
282,01-03-2019 05:30,ethereum,eth,Ethereum,141.5140941,NULL,14925533137,4249050197,HISTORICAL
283,01-04-2019 05:30,ethereum,eth,Ethereum,162.1660371,NULL,17170110493,6275803460,HISTORICAL
284,01-05-2019 05:30,ethereum,eth,Ethereum,268.1135603,NULL,28501098831,11255023515,HISTORICAL
285,01-06-2019 05:30,ethereum,eth,Ethereum,290.6959989,NULL,31020295932,10303111000,HISTORICAL
286,01-07-2019 05:30,ethereum,eth,Ethereum,218.6541458,NULL,23425015630,6003828340,HISTORICAL
287,01-08-2019 05:30,ethereum,eth,Ethereum,172.4697889,NULL,18549906272,5830212249,HISTORICAL
288,01-09-2019 05:30,ethereum,eth,Ethereum,179.8722015,NULL,19419149343,7552915148,HISTORICAL
289,01-10-2019 05:30,ethereum,eth,Ethereum,183.9669176,NULL,19937256794,9607939606,HISTORICAL
290,01-11-2019 05:30,ethereum,eth,Ethereum,152.5396914,NULL,16589132426,6565950868,HISTORICAL
291,01-12-2019 05:30,ethereum,eth,Ethereum,129.6108594,NULL,14139765786,8936866397,HISTORICAL
292,01-01-2020 05:30,ethereum,eth,Ethereum,180.1601752,NULL,19729633078,11728616394,HISTORICAL
293,01-02-2020 05:30,ethereum,eth,Ethereum,219.8485126,NULL,24162913195,18181296376,HISTORICAL
294,01-03-2020 05:30,ethereum,eth,Ethereum,133.5935651,NULL,14739376438,11065246317,HISTORICAL
295,01-04-2020 05:30,ethereum,eth,Ethereum,207.6020559,NULL,22989647065,28089191904,HISTORICAL
296,01-05-2020 05:30,ethereum,eth,Ethereum,230.9757009,NULL,25675542329,12234904813,HISTORICAL
297,01-06-2020 05:30,ethereum,eth,Ethereum,226.3149974,NULL,25249913730,6094093001,HISTORICAL
298,01-07-2020 05:30,ethereum,eth,Ethereum,345.5546493,NULL,38699278449,12030600492,HISTORICAL
299,01-08-2020 05:30,ethereum,eth,Ethereum,402.6442078,NULL,45260169372,2.82173E+11,HISTORICAL
300,01-09-2020 05:30,ethereum,eth,Ethereum,359.9378738,NULL,40606130498,6.40899E+11,HISTORICAL
301,01-10-2020 05:30,ethereum,eth,Ethereum,386.5903353,NULL,43776829150,4.16749E+11,HISTORICAL
302,01-11-2020 05:30,ethereum,eth,Ethereum,614.842522,NULL,69873714778,5.07753E+11,HISTORICAL
303,01-12-2020 05:30,ethereum,eth,Ethereum,737.8033977,NULL,84156810765,4.70673E+11,HISTORICAL
304,01-01-2021 05:30,ethereum,eth,Ethereum,1314.986229,NULL,1.50544E+11,2.2248E+12,HISTORICAL
305,01-02-2021 05:30,ethereum,eth,Ethereum,1416.048906,NULL,1.6265E+11,1.00772E+12,HISTORICAL
306,01-03-2021 05:30,ethereum,eth,Ethereum,1918.362061,NULL,2.21152E+11,7.30832E+11,HISTORICAL
307,01-04-2021 05:30,ethereum,eth,Ethereum,2773.207132,NULL,3.20823E+11,9.95334E+11,HISTORICAL
308,01-05-2021 05:30,ethereum,eth,Ethereum,2714.945344,NULL,3.15217E+11,1.51033E+12,HISTORICAL
309,01-06-2021 05:30,ethereum,eth,Ethereum,2274.547713,NULL,2.65001E+11,8.13523E+11,HISTORICAL
310,01-07-2021 05:30,ethereum,eth,Ethereum,2536.210035,NULL,2.96533E+11,6.29953E+11,HISTORICAL
311,01-08-2021 05:30,ethereum,eth,Ethereum,3433.732781,NULL,4.02903E+11,7.50208E+11,HISTORICAL
312,01-09-2021 05:30,ethereum,eth,Ethereum,3001.679052,NULL,3.53421E+11,6.53985E+11,HISTORICAL
313,01-10-2021 05:30,ethereum,eth,Ethereum,4288.074452,NULL,5.06664E+11,5.74798E+11,HISTORICAL
314,01-11-2021 05:30,ethereum,eth,Ethereum,4631.478795,NULL,5.49086E+11,5.73547E+11,HISTORICAL
315,01-12-2021 05:30,ethereum,eth,Ethereum,3682.632905,NULL,4.38128E+11,6.21042E+11,HISTORICAL
316,01-01-2022 05:30,ethereum,eth,Ethereum,2688.278922,NULL,3.2096E+11,4.91109E+11,HISTORICAL
317,01-02-2022 05:30,ethereum,eth,Ethereum,2919.201229,NULL,3.49639E+11,4.16163E+11,HISTORICAL
318,01-03-2022 05:30,ethereum,eth,Ethereum,3281.642878,NULL,3.94426E+11,4.36852E+11,HISTORICAL
319,01-04-2022 05:30,ethereum,eth,Ethereum,2730.186822,NULL,3.29246E+11,4.93826E+11,HISTORICAL
320,01-05-2022 05:30,ethereum,eth,Ethereum,1942.327998,NULL,2.35022E+11,6.25954E+11,HISTORICAL
321,01-06-2022 05:30,ethereum,eth,Ethereum,1067.2988,NULL,1.29526E+11,5.62033E+11,HISTORICAL
322,01-07-2022 05:30,ethereum,eth,Ethereum,1681.517319,NULL,2.04772E+11,5.34458E+11,HISTORICAL
323,01-08-2022 05:30,ethereum,eth,Ethereum,1553.684938,NULL,1.89844E+11,5.54163E+11,HISTORICAL
324,01-09-2022 05:30,ethereum,eth,Ethereum,1327.978638,NULL,1.62806E+11,4.96652E+11,HISTORICAL
325,01-10-2022 05:30,ethereum,eth,Ethereum,1572.714466,NULL,1.92459E+11,3.82072E+11,HISTORICAL
326,01-11-2022 05:30,ethereum,eth,Ethereum,1295.688606,NULL,1.58558E+11,4.23837E+11,HISTORICAL
327,01-12-2022 05:30,ethereum,eth,Ethereum,1196.771239,NULL,1.46454E+11,1.69265E+11,HISTORICAL
328,01-01-2023 05:30,ethereum,eth,Ethereum,1586.535374,NULL,1.9415E+11,2.24953E+11,HISTORICAL
329,01-02-2023 05:30,ethereum,eth,Ethereum,1605.895131,NULL,1.9652E+11,2.23749E+11,HISTORICAL
330,01-03-2023 05:30,ethereum,eth,Ethereum,1822.022119,NULL,2.19477E+11,3.02468E+11,HISTORICAL
331,01-04-2023 05:30,ethereum,eth,Ethereum,1876.924327,NULL,2.25975E+11,2.88662E+11,HISTORICAL
332,01-05-2023 05:30,ethereum,eth,Ethereum,1874.130435,NULL,2.25362E+11,2.02326E+11,HISTORICAL
333,01-06-2023 05:30,ethereum,eth,Ethereum,1933.188982,NULL,2.32408E+11,2.06194E+11,HISTORICAL
334,01-07-2023 05:30,ethereum,eth,Ethereum,1856.16234,NULL,2.23071E+11,1.77597E+11,HISTORICAL
335,01-08-2023 05:30,ethereum,eth,Ethereum,1645.639124,NULL,1.97832E+11,1.68678E+11,HISTORICAL
336,01-09-2023 05:30,ethereum,eth,Ethereum,1671.161811,NULL,2.00936E+11,1.34782E+11,HISTORICAL
337,01-10-2023 05:30,ethereum,eth,Ethereum,1816.458932,NULL,2.18465E+11,1.92663E+11,HISTORICAL
338,01-11-2023 05:30,ethereum,eth,Ethereum,2052.556076,NULL,2.468E+11,3.15825E+11,HISTORICAL
339,01-12-2023 05:30,ethereum,eth,Ethereum,2281.471302,NULL,2.74194E+11,3.51655E+11,HISTORICAL
340,01-01-2024 05:30,ethereum,eth,Ethereum,2282.544542,NULL,2.74323E+11,3.6541E+11,HISTORICAL
341,01-02-2024 05:30,ethereum,eth,Ethereum,3341.919603,NULL,4.01522E+11,4.35402E+11,HISTORICAL
342,01-03-2024 05:30,ethereum,eth,Ethereum,3647.85638,NULL,4.37996E+11,6.70105E+11,HISTORICAL
343,01-04-2024 05:30,ethereum,eth,Ethereum,3012.286744,NULL,3.67514E+11,4.80679E+11,HISTORICAL
344,01-05-2024 05:30,ethereum,eth,Ethereum,3760.026686,NULL,4.51715E+11,4.94713E+11,HISTORICAL
345,01-06-2024 05:30,ethereum,eth,Ethereum,3432.88909,NULL,4.12589E+11,4.14669E+11,HISTORICAL
346,01-07-2024 05:30,ethereum,eth,Ethereum,3231.295707,NULL,3.88556E+11,4.96826E+11,HISTORICAL
347,01-08-2024 05:30,ethereum,eth,Ethereum,2513.39374,NULL,3.02373E+11,5.53678E+11,HISTORICAL
348,01-09-2024 05:30,ethereum,eth,Ethereum,2603.062688,NULL,3.13325E+11,4.64624E+11,HISTORICAL
349,01-10-2024 05:30,ethereum,eth,Ethereum,2515.799222,NULL,3.0293E+11,5.29229E+11,HISTORICAL
350,01-11-2024 05:30,ethereum,eth,Ethereum,3705.705202,NULL,4.46423E+11,1.11391E+12,HISTORICAL
351,01-12-2024 05:30,ethereum,eth,Ethereum,3332.531721,NULL,4.01464E+11,1.2917E+12,HISTORICAL
352,01-01-2025 05:30,ethereum,eth,Ethereum,3298.265188,NULL,3.97569E+11,9.27646E+11,HISTORICAL
353,01-02-2025 05:30,ethereum,eth,Ethereum,2237.905242,NULL,2.69853E+11,8.19065E+11,HISTORICAL
354,01-03-2025 05:30,ethereum,eth,Ethereum,1823.480005,NULL,2.20026E+11,5.71527E+11,HISTORICAL
355,01-04-2025 05:30,ethereum,eth,Ethereum,1793.775362,NULL,2.16595E+11,5.1239E+11,HISTORICAL
356,01-05-2025 05:30,ethereum,eth,Ethereum,2481.566123,NULL,0,0,HISTORICAL
357,01-01-2014 05:30,dogecoin,doge,Dogecoin,0.00156025,NULL,63117338,1003380,HISTORICAL
358,01-02-2014 05:30,dogecoin,doge,Dogecoin,0.00107146,NULL,59135338,1519040,HISTORICAL
359,01-03-2014 05:30,dogecoin,doge,Dogecoin,0.00050515,NULL,33267624,1377400,HISTORICAL
360,01-04-2014 05:30,dogecoin,doge,Dogecoin,0.00050112,NULL,37748840,1149250,HISTORICAL
361,01-05-2014 05:30,dogecoin,doge,Dogecoin,0.00033901,NULL,27234154,870901,HISTORICAL
362,01-06-2014 05:30,dogecoin,doge,Dogecoin,0.00026661,NULL,22691565,382776,HISTORICAL
363,01-07-2014 05:30,dogecoin,doge,Dogecoin,0.00020931,NULL,18565327,189931,HISTORICAL
364,01-08-2014 05:30,dogecoin,doge,Dogecoin,0.00013098,NULL,11927738,291765,HISTORICAL
365,01-09-2014 05:30,dogecoin,doge,Dogecoin,0.00039947,NULL,37365528,760341,HISTORICAL
366,01-10-2014 05:30,dogecoin,doge,Dogecoin,0.00023618,NULL,22420933,186097,HISTORICAL
367,01-11-2014 05:30,dogecoin,doge,Dogecoin,0.00024206,NULL,23290366,239006,HISTORICAL
368,01-12-2014 05:30,dogecoin,doge,Dogecoin,0.00018661,NULL,18139022,314633,HISTORICAL
369,01-01-2015 05:30,dogecoin,doge,Dogecoin,0.00013912,NULL,13615064,237750,HISTORICAL
370,01-02-2015 05:30,dogecoin,doge,Dogecoin,0.00014493,NULL,14267559,65452,HISTORICAL
371,01-03-2015 05:30,dogecoin,doge,Dogecoin,0.0001256,NULL,12414248,51069,HISTORICAL
372,01-04-2015 05:30,dogecoin,doge,Dogecoin,0.00010347,NULL,10266864,121523,HISTORICAL
373,01-05-2015 05:30,dogecoin,doge,Dogecoin,0.00015369,NULL,15311674,332522,HISTORICAL
374,01-06-2015 05:30,dogecoin,doge,Dogecoin,0.00019876,NULL,19876570,470230,HISTORICAL
375,01-07-2015 05:30,dogecoin,doge,Dogecoin,0.00018419,NULL,18492176,137241,HISTORICAL
376,01-08-2015 05:30,dogecoin,doge,Dogecoin,0.00012896,NULL,12998994,41405,HISTORICAL
377,01-09-2015 05:30,dogecoin,doge,Dogecoin,0.00012313,NULL,12460520,39326,HISTORICAL
378,01-10-2015 05:30,dogecoin,doge,Dogecoin,0.00013709,NULL,13931364,156306,HISTORICAL
379,01-11-2015 05:30,dogecoin,doge,Dogecoin,0.00012845,NULL,13106192,149901,HISTORICAL
380,01-12-2015 05:30,dogecoin,doge,Dogecoin,0.00015101,NULL,15472014,95446,HISTORICAL
381,01-01-2016 05:30,dogecoin,doge,Dogecoin,0.00027703,NULL,28502888,1750220,HISTORICAL
382,01-02-2016 05:30,dogecoin,doge,Dogecoin,0.00024972,NULL,25795285,157905,HISTORICAL
383,01-03-2016 05:30,dogecoin,doge,Dogecoin,0.00023292,NULL,24159338,256164,HISTORICAL
384,01-04-2016 05:30,dogecoin,doge,Dogecoin,0.00022553,NULL,23484893,78880,HISTORICAL
385,01-05-2016 05:30,dogecoin,doge,Dogecoin,0.00023128,NULL,24183048,181107,HISTORICAL
386,01-06-2016 05:30,dogecoin,doge,Dogecoin,0.00030428,NULL,31941862,359916,HISTORICAL
387,01-07-2016 05:30,dogecoin,doge,Dogecoin,0.00023046,NULL,24291484,89187,HISTORICAL
388,01-08-2016 05:30,dogecoin,doge,Dogecoin,0.00023506,NULL,24877636,181570,HISTORICAL
389,01-09-2016 05:30,dogecoin,doge,Dogecoin,0.00023494,NULL,24963477,147126,HISTORICAL
390,01-10-2016 05:30,dogecoin,doge,Dogecoin,0.00022026,NULL,23498782,147892,HISTORICAL
391,01-11-2016 05:30,dogecoin,doge,Dogecoin,0.0002142,NULL,22940550,50524,HISTORICAL
392,01-12-2016 05:30,dogecoin,doge,Dogecoin,0.00022347,NULL,24029221,73496,HISTORICAL
393,01-01-2017 05:30,dogecoin,doge,Dogecoin,0.00020567,NULL,22203338,122078,HISTORICAL
394,01-02-2017 05:30,dogecoin,doge,Dogecoin,0.00020498,NULL,22208026,90932,HISTORICAL
395,01-03-2017 05:30,dogecoin,doge,Dogecoin,0.00032812,NULL,35689522,2525700,HISTORICAL
396,01-04-2017 05:30,dogecoin,doge,Dogecoin,0.00074631,NULL,81479217,3614180,HISTORICAL
397,01-05-2017 05:30,dogecoin,doge,Dogecoin,0.00265701,NULL,291223324,19840600,HISTORICAL
398,01-06-2017 05:30,dogecoin,doge,Dogecoin,0.00260168,NULL,286240722,4828560,HISTORICAL
399,01-07-2017 05:30,dogecoin,doge,Dogecoin,0.0017184,NULL,189798984,3841680,HISTORICAL
400,01-08-2017 05:30,dogecoin,doge,Dogecoin,0.00206352,NULL,228804389,12968400,HISTORICAL
401,01-09-2017 05:30,dogecoin,doge,Dogecoin,0.00114524,NULL,127462556,4092970,HISTORICAL
402,01-10-2017 05:30,dogecoin,doge,Dogecoin,0.00112424,NULL,125608534,3075460,HISTORICAL
403,01-11-2017 05:30,dogecoin,doge,Dogecoin,0.00207915,NULL,233164227,4919490,HISTORICAL
404,01-12-2017 05:30,dogecoin,doge,Dogecoin,0.00897159,NULL,1010010339,62256400,HISTORICAL
405,01-01-2018 05:30,dogecoin,doge,Dogecoin,0.00601021,NULL,679199153,14754700,HISTORICAL
406,01-02-2018 05:30,dogecoin,doge,Dogecoin,0.00601827,NULL,682419942,13227600,HISTORICAL
407,01-03-2018 05:30,dogecoin,doge,Dogecoin,0.00281939,NULL,320911092,3505010,HISTORICAL
408,01-04-2018 05:30,dogecoin,doge,Dogecoin,0.00521043,NULL,595237179,36411800,HISTORICAL
409,01-05-2018 05:30,dogecoin,doge,Dogecoin,0.00339807,NULL,389661096,8971080,HISTORICAL
410,01-06-2018 05:30,dogecoin,doge,Dogecoin,0.00249923,NULL,287630567,6122900,HISTORICAL
411,01-07-2018 05:30,dogecoin,doge,Dogecoin,0.00294472,NULL,340164809,14253600,HISTORICAL
412,01-08-2018 05:30,dogecoin,doge,Dogecoin,0.00479385,NULL,555832504,77150500,HISTORICAL
413,01-09-2018 05:30,dogecoin,doge,Dogecoin,0.00590575,NULL,687215143,13396600,HISTORICAL
414,01-10-2018 05:30,dogecoin,doge,Dogecoin,0.00376395,NULL,439603254,14273900,HISTORICAL
415,01-11-2018 05:30,dogecoin,doge,Dogecoin,0.00216473,NULL,253728206,11289729,HISTORICAL
416,01-12-2018 05:30,dogecoin,doge,Dogecoin,0.00234553,NULL,275928512,18724788,HISTORICAL
417,01-01-2019 05:30,dogecoin,doge,Dogecoin,0.00192497,NULL,227283335,13824059,HISTORICAL
418,01-02-2019 05:30,dogecoin,doge,Dogecoin,0.00197611,NULL,234089209,18191276,HISTORICAL
419,01-03-2019 05:30,dogecoin,doge,Dogecoin,0.00208047,NULL,247350012,18785300,HISTORICAL
420,01-04-2019 05:30,dogecoin,doge,Dogecoin,0.00251273,NULL,299790179,34753261,HISTORICAL
421,01-05-2019 05:30,dogecoin,doge,Dogecoin,0.00344112,NULL,412039595,85204091,HISTORICAL
422,01-06-2019 05:30,dogecoin,doge,Dogecoin,0.00325779,NULL,391423318,43549174,HISTORICAL
423,01-07-2019 05:30,dogecoin,doge,Dogecoin,0.00289942,NULL,349610538,21310977,HISTORICAL
424,01-08-2019 05:30,dogecoin,doge,Dogecoin,0.00251136,NULL,303898754,23927277,HISTORICAL
425,01-09-2019 05:30,dogecoin,doge,Dogecoin,0.00238732,NULL,289882719,56920760,HISTORICAL
426,01-10-2019 05:30,dogecoin,doge,Dogecoin,0.00261546,NULL,318711696,72101942,HISTORICAL
427,01-11-2019 05:30,dogecoin,doge,Dogecoin,0.00231969,NULL,283632278,89565611,HISTORICAL
428,01-12-2019 05:30,dogecoin,doge,Dogecoin,0.00202836,NULL,248883034,69469785,HISTORICAL
429,01-01-2020 05:30,dogecoin,doge,Dogecoin,0.00239357,NULL,294719511,76519295,HISTORICAL
430,01-02-2020 05:30,dogecoin,doge,Dogecoin,0.00223477,NULL,276061992,146635830,HISTORICAL
431,01-03-2020 05:30,dogecoin,doge,Dogecoin,0.00181094,NULL,224479953,156195510,HISTORICAL
432,01-04-2020 05:30,dogecoin,doge,Dogecoin,0.00244286,NULL,303821692,298563815,HISTORICAL
433,01-05-2020 05:30,dogecoin,doge,Dogecoin,0.00255457,NULL,318792346,188184731,HISTORICAL
434,01-06-2020 05:30,dogecoin,doge,Dogecoin,0.00231955,NULL,290426014,165641131,HISTORICAL
435,01-07-2020 05:30,dogecoin,doge,Dogecoin,0.00322536,NULL,405228598,54497306,HISTORICAL
436,01-08-2020 05:30,dogecoin,doge,Dogecoin,0.00298324,NULL,376074834,2829209721,HISTORICAL
437,01-09-2020 05:30,dogecoin,doge,Dogecoin,0.00263015,NULL,332662364,4543762872,HISTORICAL
438,01-10-2020 05:30,dogecoin,doge,Dogecoin,0.00257594,NULL,326906027,2740060984,HISTORICAL
439,01-11-2020 05:30,dogecoin,doge,Dogecoin,0.00355089,NULL,452099967,2225194148,HISTORICAL
440,01-12-2020 05:30,dogecoin,doge,Dogecoin,0.00468225,NULL,598149001,3810055046,HISTORICAL
441,01-01-2021 05:30,dogecoin,doge,Dogecoin,0.03719621,NULL,4767745805,5.08816E+11,HISTORICAL
442,01-02-2021 05:30,dogecoin,doge,Dogecoin,0.04805151,NULL,6177710994,1.34644E+11,HISTORICAL
443,01-03-2021 05:30,dogecoin,doge,Dogecoin,0.05365728,NULL,6921249082,38710898710,HISTORICAL
444,01-04-2021 05:30,dogecoin,doge,Dogecoin,0.33756111,NULL,43681559535,3.51157E+11,HISTORICAL
445,01-05-2021 05:30,dogecoin,doge,Dogecoin,0.32581045,NULL,42298953606,4.14762E+11,HISTORICAL
446,01-06-2021 05:30,dogecoin,doge,Dogecoin,0.25421537,NULL,33111043725,1.00114E+11,HISTORICAL
447,01-07-2021 05:30,dogecoin,doge,Dogecoin,0.20831411,NULL,27219722411,54956310689,HISTORICAL
448,01-08-2021 05:30,dogecoin,doge,Dogecoin,0.2784533,NULL,36501701126,1.08139E+11,HISTORICAL
449,01-09-2021 05:30,dogecoin,doge,Dogecoin,0.20424378,NULL,26858356706,53499067957,HISTORICAL
450,01-10-2021 05:30,dogecoin,doge,Dogecoin,0.28024445,NULL,36972572650,99274048635,HISTORICAL
451,01-11-2021 05:30,dogecoin,doge,Dogecoin,0.21471451,NULL,28413505414,51443079613,HISTORICAL
452,01-12-2021 05:30,dogecoin,doge,Dogecoin,0.17049619,NULL,22619859307,41345562839,HISTORICAL
453,01-01-2022 05:30,dogecoin,doge,Dogecoin,0.14180514,NULL,18813396718,33515229255,HISTORICAL
454,01-02-2022 05:30,dogecoin,doge,Dogecoin,0.13315646,NULL,17665969469,22443865575,HISTORICAL
455,01-03-2022 05:30,dogecoin,doge,Dogecoin,0.13782607,NULL,18285489532,21546128283,HISTORICAL
456,01-04-2022 05:30,dogecoin,doge,Dogecoin,0.12755741,NULL,16923138964,46860312737,HISTORICAL
457,01-05-2022 05:30,dogecoin,doge,Dogecoin,0.08586463,NULL,11391726302,27262573511,HISTORICAL
458,01-06-2022 05:30,dogecoin,doge,Dogecoin,0.06608558,NULL,8767624633,19084110887,HISTORICAL
459,01-07-2022 05:30,dogecoin,doge,Dogecoin,0.06827223,NULL,9057728540,13910802979,HISTORICAL
460,01-08-2022 05:30,dogecoin,doge,Dogecoin,0.0613301,NULL,8136711789,16644457759,HISTORICAL
461,01-09-2022 05:30,dogecoin,doge,Dogecoin,0.06165276,NULL,8179518753,10761069390,HISTORICAL
462,01-10-2022 05:30,dogecoin,doge,Dogecoin,0.12702599,NULL,16852635357,40267150421,HISTORICAL
463,01-11-2022 05:30,dogecoin,doge,Dogecoin,0.1068598,NULL,14177170963,49738850754,HISTORICAL
464,01-12-2022 05:30,dogecoin,doge,Dogecoin,0.07029399,NULL,9325956852,16212433188,HISTORICAL
465,01-01-2023 05:30,dogecoin,doge,Dogecoin,0.09616734,NULL,12758594171,17303932737,HISTORICAL
466,01-02-2023 05:30,dogecoin,doge,Dogecoin,0.08074911,NULL,10713046353,15650955312,HISTORICAL
467,01-03-2023 05:30,dogecoin,doge,Dogecoin,0.07703498,NULL,10688721915,12819277283,HISTORICAL
468,01-04-2023 05:30,dogecoin,doge,Dogecoin,0.07976933,NULL,11100461916,27996585366,HISTORICAL
469,01-05-2023 05:30,dogecoin,doge,Dogecoin,0.07166043,NULL,10002232101,7422348070,HISTORICAL
470,01-06-2023 05:30,dogecoin,doge,Dogecoin,0.06647857,NULL,9306051700,8267800013,HISTORICAL
471,01-07-2023 05:30,dogecoin,doge,Dogecoin,0.07781832,NULL,10925994240,15064851951,HISTORICAL
472,01-08-2023 05:30,dogecoin,doge,Dogecoin,0.06378524,NULL,8982278833,9829583944,HISTORICAL
473,01-09-2023 05:30,dogecoin,doge,Dogecoin,0.06214144,NULL,8775893558,5518240682,HISTORICAL
474,01-10-2023 05:30,dogecoin,doge,Dogecoin,0.0682775,NULL,9671021175,7761886555,HISTORICAL
475,01-11-2023 05:30,dogecoin,doge,Dogecoin,0.08341735,NULL,11849212886,21100778036,HISTORICAL
476,01-12-2023 05:30,dogecoin,doge,Dogecoin,0.08947156,NULL,12746626943,23655304139,HISTORICAL
477,01-01-2024 05:30,dogecoin,doge,Dogecoin,0.07876376,NULL,11254141062,15096122846,HISTORICAL
478,01-02-2024 05:30,dogecoin,doge,Dogecoin,0.11718474,NULL,16790060913,19964515779,HISTORICAL
479,01-03-2024 05:30,dogecoin,doge,Dogecoin,0.22006429,NULL,31623141219,1.09268E+11,HISTORICAL
480,01-04-2024 05:30,dogecoin,doge,Dogecoin,0.13332674,NULL,19212870615,64588245004,HISTORICAL
481,01-05-2024 05:30,dogecoin,doge,Dogecoin,0.15913579,NULL,22998630652,47099922038,HISTORICAL
482,01-06-2024 05:30,dogecoin,doge,Dogecoin,0.12430493,NULL,18014915043,23316589220,HISTORICAL
483,01-07-2024 05:30,dogecoin,doge,Dogecoin,0.12201372,NULL,17735427527,25451336994,HISTORICAL
484,01-08-2024 05:30,dogecoin,doge,Dogecoin,0.10133193,NULL,14770944197,22861691490,HISTORICAL
485,01-09-2024 05:30,dogecoin,doge,Dogecoin,0.11442756,NULL,16726681233,20365491339,HISTORICAL
486,01-10-2024 05:30,dogecoin,doge,Dogecoin,0.16137183,NULL,23657511071,46027605365,HISTORICAL
487,01-11-2024 05:30,dogecoin,doge,Dogecoin,0.42197103,NULL,62034515039,3.24161E+11,HISTORICAL
488,01-12-2024 05:30,dogecoin,doge,Dogecoin,0.31568071,NULL,46542609213,2.13279E+11,HISTORICAL
489,01-01-2025 05:30,dogecoin,doge,Dogecoin,0.32872803,NULL,48604920116,1.34577E+11,HISTORICAL
490,01-02-2025 05:30,dogecoin,doge,Dogecoin,0.20196252,NULL,29938279300,67123952625,HISTORICAL
491,01-03-2025 05:30,dogecoin,doge,Dogecoin,0.1667153,NULL,24784588502,48478298836,HISTORICAL
492,01-04-2025 05:30,dogecoin,doge,Dogecoin,0.17233954,NULL,25691510169,37362116330,HISTORICAL
493,01-05-2025 05:30,dogecoin,doge,Dogecoin,0.21627802,NULL,0,0,HISTORICAL
494,17-05-2025 19:47,bitcoin,btc,Bitcoin,102854,-0.8867,2.04322E+12,22089932925,HISTORICAL
495,17-05-2025 19:47,ethereum,eth,Ethereum,2463.59,-5.0594,2.97419E+11,19531893860,HISTORICAL
496,17-05-2025 19:47,dogecoin,doge,Dogecoin,0.213713,-6.1588,31903019855,1717830524,HISTORICAL
497,17-05-2025 19:47,bitcoin,btc,Bitcoin,102854,-0.8867,2.04322E+12,22089932925,HISTORICAL
498,17-05-2025 19:47,ethereum,eth,Ethereum,2463.59,-5.0594,2.97419E+11,19531893860,HISTORICAL
499,17-05-2025 19:47,dogecoin,doge,Dogecoin,0.213713,-6.1588,31903019855,1717830524,HISTORICAL
500,19-05-2025 11:05,bitcoin,btc,Bitcoin,102875,-0.5466,2.04357E+12,41731000040,HISTORICAL
501,19-05-2025 11:05,ethereum,eth,Ethereum,2375.3,-4.9941,2.86753E+11,30002889519,HISTORICAL
502,19-05-2025 11:05,dogecoin,doge,Dogecoin,0.217517,-0.4754,32469298160,2828702094,HISTORICAL
503,19-05-2025 11:05,bitcoin,btc,Bitcoin,102875,-0.5466,2.04357E+12,41731000040,HISTORICAL
504,19-05-2025 11:05,ethereum,eth,Ethereum,2375.3,-4.9941,2.86753E+11,30002889519,HISTORICAL
505,19-05-2025 11:05,dogecoin,doge,Dogecoin,0.217517,-0.4754,32469298160,2828702094,HISTORICAL
506,19-05-2025 11:05,bitcoin,btc,Bitcoin,102875,-0.5466,2.04357E+12,41731000040,HISTORICAL
507,19-05-2025 11:05,ethereum,eth,Ethereum,2375.3,-4.9941,2.86753E+11,30002889519,HISTORICAL
508,19-05-2025 11:05,dogecoin,doge,Dogecoin,0.217517,-0.4754,32469298160,2828702094,HISTORICAL
509,19-05-2025 11:05,bitcoin,btc,Bitcoin,102875,-0.5466,2.04357E+12,41731000040,HISTORICAL
510,19-05-2025 11:05,ethereum,eth,Ethereum,2375.3,-4.9941,2.86753E+11,30002889519,HISTORICAL
511,19-05-2025 11:05,dogecoin,doge,Dogecoin,0.217517,-0.4754,32469298160,2828702094,HISTORICAL
512,01-04-2013 05:30,bitcoin,btc,Bitcoin,139,NULL,1542813125,0,HISTORICAL
513,01-05-2013 05:30,bitcoin,btc,Bitcoin,129,NULL,1447870200,0,HISTORICAL
514,01-06-2013 05:30,bitcoin,btc,Bitcoin,96.61399841,NULL,1096957771,0,HISTORICAL
515,01-07-2013 05:30,bitcoin,btc,Bitcoin,106.0899963,NULL,1218777834,0,HISTORICAL
516,01-08-2013 05:30,bitcoin,btc,Bitcoin,135.3500061,NULL,1574672051,0,HISTORICAL
517,01-09-2013 05:30,bitcoin,btc,Bitcoin,133,NULL,1566038425,0,HISTORICAL
518,01-10-2013 05:30,bitcoin,btc,Bitcoin,204,NULL,2433658800,0,HISTORICAL
519,01-11-2013 05:30,bitcoin,btc,Bitcoin,1129.430054,NULL,13620389321,0,HISTORICAL
520,01-12-2013 05:30,bitcoin,btc,Bitcoin,754.0100098,NULL,9191325349,20897300,HISTORICAL
521,01-01-2014 05:30,bitcoin,btc,Bitcoin,829.9199829,NULL,10238411820,17107900,HISTORICAL
522,01-02-2014 05:30,bitcoin,btc,Bitcoin,549.2600098,NULL,6843353924,28076100,HISTORICAL
523,01-03-2014 05:30,bitcoin,btc,Bitcoin,457.0010071,NULL,5752294437,28254000,HISTORICAL
524,01-04-2014 05:30,bitcoin,btc,Bitcoin,447.644989,NULL,5690810165,15244900,HISTORICAL
525,01-05-2014 05:30,bitcoin,btc,Bitcoin,623.677002,NULL,8007248676,15107100,HISTORICAL
526,01-06-2014 05:30,bitcoin,btc,Bitcoin,639.7969971,NULL,8296103745,46422400,HISTORICAL
527,01-07-2014 05:30,bitcoin,btc,Bitcoin,586.2349854,NULL,7670841007,22467900,HISTORICAL
528,01-08-2014 05:30,bitcoin,btc,Bitcoin,477.7630005,NULL,6312801960,44632300,HISTORICAL
529,01-09-2014 05:30,bitcoin,btc,Bitcoin,386.9440002,NULL,5158621325,34707300,HISTORICAL
530,01-10-2014 05:30,bitcoin,btc,Bitcoin,338.3210144,NULL,4549893052,12545400,HISTORICAL
531,01-11-2014 05:30,bitcoin,btc,Bitcoin,378.0469971,NULL,5125958175,9194440,HISTORICAL
532,01-12-2014 05:30,bitcoin,btc,Bitcoin,320.1929932,NULL,4377510595,13942900,HISTORICAL
533,01-01-2015 05:30,bitcoin,btc,Bitcoin,217.4640045,NULL,2997692311,23348200,HISTORICAL
534,01-02-2015 05:30,bitcoin,btc,Bitcoin,254.2630005,NULL,3531776636,13949300,HISTORICAL
535,01-03-2015 05:30,bitcoin,btc,Bitcoin,244.223999,NULL,3420112896,22672000,HISTORICAL
536,01-04-2015 05:30,bitcoin,btc,Bitcoin,236.1450043,NULL,3332094504,33818600,HISTORICAL
537,01-05-2015 05:30,bitcoin,btc,Bitcoin,230.1900024,NULL,3273756425,14730800,HISTORICAL
538,01-06-2015 05:30,bitcoin,btc,Bitcoin,263.071991,NULL,3770229522,44533800,HISTORICAL
539,01-07-2015 05:30,bitcoin,btc,Bitcoin,284.6499939,NULL,4112089481,23629100,HISTORICAL
540,01-08-2015 05:30,bitcoin,btc,Bitcoin,230.0559998,NULL,3349845416,20710700,HISTORICAL
541,01-09-2015 05:30,bitcoin,btc,Bitcoin,236.0599976,NULL,3463625759,19743500,HISTORICAL
542,01-10-2015 05:30,bitcoin,btc,Bitcoin,314.1659851,NULL,4645486246,48598100,HISTORICAL
543,01-11-2015 05:30,bitcoin,btc,Bitcoin,377.3210144,NULL,5623195997,71701600,HISTORICAL
544,01-12-2015 05:30,bitcoin,btc,Bitcoin,430.5669861,NULL,6471217491,45996600,HISTORICAL
545,01-01-2016 05:30,bitcoin,btc,Bitcoin,368.7669983,NULL,5587253351,37894300,HISTORICAL
546,01-02-2016 05:30,bitcoin,btc,Bitcoin,437.696991,NULL,6681444705,60694700,HISTORICAL
547,01-03-2016 05:30,bitcoin,btc,Bitcoin,416.7290039,NULL,6409062819,60215200,HISTORICAL
548,01-04-2016 05:30,bitcoin,btc,Bitcoin,448.3179932,NULL,6944860514,69322600,HISTORICAL
549,01-05-2016 05:30,bitcoin,btc,Bitcoin,531.3859863,NULL,8293035755,138450000,HISTORICAL
550,01-06-2016 05:30,bitcoin,btc,Bitcoin,673.3369751,NULL,10583527799,138980000,HISTORICAL
551,01-07-2016 05:30,bitcoin,btc,Bitcoin,624.6810303,NULL,9861866433,110818000,HISTORICAL
552,01-08-2016 05:30,bitcoin,btc,Bitcoin,575.4719849,NULL,9117106217,75840896,HISTORICAL
553,01-09-2016 05:30,bitcoin,btc,Bitcoin,609.7349854,NULL,9693198750,56122400,HISTORICAL
554,01-10-2016 05:30,bitcoin,btc,Bitcoin,700.9719849,NULL,11181852070,97064400,HISTORICAL
555,01-11-2016 05:30,bitcoin,btc,Bitcoin,745.690979,NULL,11943536630,84070800,HISTORICAL
556,01-12-2016 05:30,bitcoin,btc,Bitcoin,963.742981,NULL,15492554222,99135104,HISTORICAL
557,01-01-2017 05:30,bitcoin,btc,Bitcoin,970.4030151,NULL,15659186515,164582000,HISTORICAL
558,01-02-2017 05:30,bitcoin,btc,Bitcoin,1179.969971,NULL,19103684801,184956000,HISTORICAL
559,01-03-2017 05:30,bitcoin,btc,Bitcoin,1071.790039,NULL,17414322808,447287008,HISTORICAL
560,01-04-2017 05:30,bitcoin,btc,Bitcoin,1347.890015,NULL,21975104909,413115008,HISTORICAL
561,01-05-2017 05:30,bitcoin,btc,Bitcoin,2286.409912,NULL,37414813240,1544829952,HISTORICAL
562,01-06-2017 05:30,bitcoin,btc,Bitcoin,2480.840088,NULL,40735082695,860273024,HISTORICAL
563,01-07-2017 05:30,bitcoin,btc,Bitcoin,2875.340088,NULL,47388334773,860574976,HISTORICAL
564,01-08-2017 05:30,bitcoin,btc,Bitcoin,4703.390137,NULL,77775374625,1944930048,HISTORICAL
565,01-09-2017 05:30,bitcoin,btc,Bitcoin,4338.709961,NULL,72008428789,1207449984,HISTORICAL
566,01-10-2017 05:30,bitcoin,btc,Bitcoin,6468.399902,NULL,1.07744E+11,2311379968,HISTORICAL
567,01-11-2017 05:30,bitcoin,btc,Bitcoin,10233.59961,NULL,1.7102E+11,8310689792,HISTORICAL
568,01-12-2017 05:30,bitcoin,btc,Bitcoin,14156.40039,NULL,2.37466E+11,12136299520,HISTORICAL
569,01-01-2018 05:30,bitcoin,btc,Bitcoin,10221.09961,NULL,1.721E+11,8041160192,HISTORICAL
570,01-02-2018 05:30,bitcoin,btc,Bitcoin,10397.90039,NULL,1.75644E+11,6936189952,HISTORICAL
571,01-03-2018 05:30,bitcoin,btc,Bitcoin,6973.529785,NULL,1.18205E+11,4553269760,HISTORICAL
572,01-04-2018 05:30,bitcoin,btc,Bitcoin,9240.549805,NULL,1.57164E+11,8673920000,HISTORICAL
573,01-05-2018 05:30,bitcoin,btc,Bitcoin,7494.169922,NULL,1.27903E+11,5127130112,HISTORICAL
574,01-06-2018 05:30,bitcoin,btc,Bitcoin,6404,NULL,1.09666E+11,4543860224,HISTORICAL
575,01-07-2018 05:30,bitcoin,btc,Bitcoin,7780.44,NULL,1.33688E+11,5287530000,HISTORICAL
576,01-08-2018 05:30,bitcoin,btc,Bitcoin,7037.58,NULL,1.21347E+11,4495650000,HISTORICAL
577,01-09-2018 05:30,bitcoin,btc,Bitcoin,6625.56,NULL,1.14609E+11,4002280000,HISTORICAL
578,01-10-2018 05:30,bitcoin,btc,Bitcoin,6317.61,NULL,1.09627E+11,4191240000,HISTORICAL
579,01-11-2018 05:30,bitcoin,btc,Bitcoin,4017.268457,NULL,69904637061,6048016717,HISTORICAL
580,01-12-2018 05:30,bitcoin,btc,Bitcoin,3742.700335,NULL,65331499158,4661840806,HISTORICAL
581,01-01-2019 05:30,bitcoin,btc,Bitcoin,3457.792747,NULL,60553903927,5831198271,HISTORICAL
582,01-02-2019 05:30,bitcoin,btc,Bitcoin,3854.785282,NULL,67704774107,8399767798,HISTORICAL
583,01-03-2019 05:30,bitcoin,btc,Bitcoin,4105.404296,NULL,72339379036,9045122443,HISTORICAL
584,01-04-2019 05:30,bitcoin,btc,Bitcoin,5350.726697,NULL,94573826827,13878964574,HISTORICAL
585,01-05-2019 05:30,bitcoin,btc,Bitcoin,8574.501649,NULL,1.5206E+11,25365190957,HISTORICAL
586,01-06-2019 05:30,bitcoin,btc,Bitcoin,10817.1556,NULL,1.92442E+11,27256473494,HISTORICAL
587,01-07-2019 05:30,bitcoin,btc,Bitcoin,10085.62775,NULL,1.80029E+11,16631520648,HISTORICAL
588,01-08-2019 05:30,bitcoin,btc,Bitcoin,9630.663848,NULL,1.72471E+11,11454806419,HISTORICAL
589,01-09-2019 05:30,bitcoin,btc,Bitcoin,8293.867741,NULL,1.49012E+11,17115474183,HISTORICAL
590,01-10-2019 05:30,bitcoin,btc,Bitcoin,9199.584833,NULL,1.65804E+11,26583653947,HISTORICAL
591,01-11-2019 05:30,bitcoin,btc,Bitcoin,7569.630122,NULL,1.36829E+11,17158194786,HISTORICAL
592,01-12-2019 05:30,bitcoin,btc,Bitcoin,7193.598978,NULL,1.30446E+11,21167946112,HISTORICAL
593,01-01-2020 05:30,bitcoin,btc,Bitcoin,9350.529365,NULL,1.70113E+11,29432489719,HISTORICAL
594,01-02-2020 05:30,bitcoin,btc,Bitcoin,8599.50862,NULL,1.56896E+11,35792392544,HISTORICAL
595,01-03-2020 05:30,bitcoin,btc,Bitcoin,6438.644766,NULL,1.17814E+11,32786468812,HISTORICAL
596,01-04-2020 05:30,bitcoin,btc,Bitcoin,8658.55418,NULL,1.58922E+11,66964629541,HISTORICAL
597,01-05-2020 05:30,bitcoin,btc,Bitcoin,9461.058918,NULL,1.73997E+11,27773290299,HISTORICAL
598,01-06-2020 05:30,bitcoin,btc,Bitcoin,9137.9934,NULL,1.68316E+11,15735797744,HISTORICAL
599,01-07-2020 05:30,bitcoin,btc,Bitcoin,11323.46642,NULL,2.08895E+11,23160469766,HISTORICAL
600,01-08-2020 05:30,bitcoin,btc,Bitcoin,10804.94122,NULL,1.9963E+11,5.54052E+11,HISTORICAL
601,01-09-2020 05:30,bitcoin,btc,Bitcoin,10784.49158,NULL,1.99557E+11,1.17478E+12,HISTORICAL
602,01-10-2020 05:30,bitcoin,btc,Bitcoin,13780.9947,NULL,2.55372E+11,1.05087E+12,HISTORICAL
603,01-11-2020 05:30,bitcoin,btc,Bitcoin,19625.83503,NULL,3.6423E+11,1.14087E+12,HISTORICAL
604,01-12-2020 05:30,bitcoin,btc,Bitcoin,29001.71982,NULL,5.39051E+11,1.21226E+12,HISTORICAL
605,01-01-2021 05:30,bitcoin,btc,Bitcoin,33114.35775,NULL,6.16453E+11,2.15347E+12,HISTORICAL
606,01-02-2021 05:30,bitcoin,btc,Bitcoin,45137.77047,NULL,8.41429E+11,2.26715E+12,HISTORICAL
607,01-03-2021 05:30,bitcoin,btc,Bitcoin,58918.83271,NULL,1.10002E+12,1.68118E+12,HISTORICAL
608,01-04-2021 05:30,bitcoin,btc,Bitcoin,57750.17735,NULL,1.07967E+12,1.84448E+12,HISTORICAL
609,01-05-2021 05:30,bitcoin,btc,Bitcoin,37332.85369,NULL,6.9899E+11,1.97659E+12,HISTORICAL
610,01-06-2021 05:30,bitcoin,btc,Bitcoin,35040.83725,NULL,6.56853E+11,1.18965E+12,HISTORICAL
611,01-07-2021 05:30,bitcoin,btc,Bitcoin,41626.19568,NULL,7.81431E+11,8.77979E+11,HISTORICAL
612,01-08-2021 05:30,bitcoin,btc,Bitcoin,47166.68795,NULL,8.8687E+11,1.06564E+12,HISTORICAL
613,01-09-2021 05:30,bitcoin,btc,Bitcoin,43790.89563,NULL,8.24619E+11,1.10214E+12,HISTORICAL
614,01-10-2021 05:30,bitcoin,btc,Bitcoin,61318.95777,NULL,1.15649E+12,1.15308E+12,HISTORICAL
615,01-11-2021 05:30,bitcoin,btc,Bitcoin,57005.42547,NULL,1.07669E+12,1.05327E+12,HISTORICAL
616,01-12-2021 05:30,bitcoin,btc,Bitcoin,46306.44612,NULL,8.75939E+11,9.57047E+11,HISTORICAL
617,01-01-2022 05:30,bitcoin,btc,Bitcoin,38483.12631,NULL,7.29074E+11,9.23979E+11,HISTORICAL
618,01-02-2022 05:30,bitcoin,btc,Bitcoin,43193.23403,NULL,8.19415E+11,6.71336E+11,HISTORICAL
619,01-03-2022 05:30,bitcoin,btc,Bitcoin,45538.67692,NULL,8.65202E+11,8.30944E+11,HISTORICAL
620,01-04-2022 05:30,bitcoin,btc,Bitcoin,37714.87555,NULL,7.17597E+11,8.30116E+11,HISTORICAL
621,01-05-2022 05:30,bitcoin,btc,Bitcoin,31792.30994,NULL,6.05798E+11,1.08942E+12,HISTORICAL
622,01-06-2022 05:30,bitcoin,btc,Bitcoin,19784.72649,NULL,3.77526E+11,9.23939E+11,HISTORICAL
623,01-07-2022 05:30,bitcoin,btc,Bitcoin,23336.8956,NULL,4.45941E+11,9.27582E+11,HISTORICAL
624,01-08-2022 05:30,bitcoin,btc,Bitcoin,20049.76319,NULL,3.8371E+11,8.94193E+11,HISTORICAL
625,01-09-2022 05:30,bitcoin,btc,Bitcoin,19431.78945,NULL,3.72415E+11,1.12327E+12,HISTORICAL
626,01-10-2022 05:30,bitcoin,btc,Bitcoin,20495.77423,NULL,3.93413E+11,9.57903E+11,HISTORICAL
627,01-11-2022 05:30,bitcoin,btc,Bitcoin,17168.56555,NULL,3.29998E+11,1.22453E+12,HISTORICAL
628,01-12-2022 05:30,bitcoin,btc,Bitcoin,16547.49537,NULL,3.18516E+11,5.67257E+11,HISTORICAL
629,01-01-2023 05:30,bitcoin,btc,Bitcoin,23139.28391,NULL,4.46082E+11,6.90929E+11,HISTORICAL
630,01-02-2023 05:30,bitcoin,btc,Bitcoin,23147.35339,NULL,4.46847E+11,7.23969E+11,HISTORICAL
631,01-03-2023 05:30,bitcoin,btc,Bitcoin,28478.48461,NULL,5.50593E+11,8.833E+11,HISTORICAL
632,01-04-2023 05:30,bitcoin,btc,Bitcoin,29268.80704,NULL,5.66661E+11,5.3106E+11,HISTORICAL
633,01-05-2023 05:30,bitcoin,btc,Bitcoin,27219.65861,NULL,5.27773E+11,4.43473E+11,HISTORICAL
634,01-06-2023 05:30,bitcoin,btc,Bitcoin,30477.25128,NULL,5.91758E+11,4.81734E+11,HISTORICAL
635,01-07-2023 05:30,bitcoin,btc,Bitcoin,29230.11088,NULL,5.68366E+11,3.82224E+11,HISTORICAL
636,01-08-2023 05:30,bitcoin,btc,Bitcoin,25931.47289,NULL,5.04958E+11,4.37724E+11,HISTORICAL
637,01-09-2023 05:30,bitcoin,btc,Bitcoin,26967.9163,NULL,5.25886E+11,3.37637E+11,HISTORICAL
638,01-10-2023 05:30,bitcoin,btc,Bitcoin,34667.77936,NULL,6.77048E+11,4.76426E+11,HISTORICAL
639,01-11-2023 05:30,bitcoin,btc,Bitcoin,37712.74777,NULL,7.37561E+11,5.70863E+11,HISTORICAL
640,01-12-2023 05:30,bitcoin,btc,Bitcoin,42265.18565,NULL,8.27811E+11,7.21705E+11,HISTORICAL
641,01-01-2024 05:30,bitcoin,btc,Bitcoin,42582.60639,NULL,8.35231E+11,8.25919E+11,HISTORICAL
642,01-02-2024 05:30,bitcoin,btc,Bitcoin,61198.3829,NULL,1.20201E+12,8.30722E+11,HISTORICAL
643,01-03-2024 05:30,bitcoin,btc,Bitcoin,71333.64793,NULL,1.40311E+12,1.44642E+12,HISTORICAL
644,01-04-2024 05:30,bitcoin,btc,Bitcoin,60636.85678,NULL,1.19354E+12,1.01607E+12,HISTORICAL
645,01-05-2024 05:30,bitcoin,btc,Bitcoin,67489.61178,NULL,1.32996E+12,8.74292E+11,HISTORICAL
646,01-06-2024 05:30,bitcoin,btc,Bitcoin,62678.29208,NULL,1.23594E+12,7.51727E+11,HISTORICAL
647,01-07-2024 05:30,bitcoin,btc,Bitcoin,64619.24965,NULL,1.27532E+12,9.53396E+11,HISTORICAL
648,01-08-2024 05:30,bitcoin,btc,Bitcoin,58969.89837,NULL,1.16452E+12,1.07653E+12,HISTORICAL
649,01-09-2024 05:30,bitcoin,btc,Bitcoin,63329.49813,NULL,1.25146E+12,9.35228E+11,HISTORICAL
650,01-10-2024 05:30,bitcoin,btc,Bitcoin,70215.18563,NULL,1.38861E+12,1.04928E+12,HISTORICAL
651,01-11-2024 05:30,bitcoin,btc,Bitcoin,96449.05581,NULL,1.90865E+12,2.21409E+12,HISTORICAL
652,01-12-2024 05:30,bitcoin,btc,Bitcoin,93429.20281,NULL,1.85018E+12,2.36757E+12,HISTORICAL
653,01-01-2025 05:30,bitcoin,btc,Bitcoin,102405.0271,NULL,2.02943E+12,1.91758E+12,HISTORICAL
654,01-02-2025 05:30,bitcoin,btc,Bitcoin,84373.01033,NULL,1.67322E+12,1.38949E+12,HISTORICAL
655,01-03-2025 05:30,bitcoin,btc,Bitcoin,82548.91096,NULL,1.63822E+12,1.13333E+12,HISTORICAL
656,01-04-2025 05:30,bitcoin,btc,Bitcoin,94207.3113,NULL,1.87091E+12,1.06097E+12,HISTORICAL
657,01-05-2025 05:30,bitcoin,btc,Bitcoin,103395.6558,NULL,0,0,HISTORICAL
658,01-09-2015 05:30,ethereum,eth,Ethereum,0.738644,NULL,54351468,619926,HISTORICAL
659,01-10-2015 05:30,ethereum,eth,Ethereum,0.91662699,NULL,68163368,673892,HISTORICAL
660,01-11-2015 05:30,ethereum,eth,Ethereum,0.873119,NULL,65589555,784439,HISTORICAL
661,01-12-2015 05:30,ethereum,eth,Ethereum,0.93354201,NULL,70858023,663994,HISTORICAL
662,01-01-2016 05:30,ethereum,eth,Ethereum,2.30604005,NULL,176834424,5847500,HISTORICAL
663,01-02-2016 05:30,ethereum,eth,Ethereum,6.33698988,NULL,490556570,7648020,HISTORICAL
664,01-03-2016 05:30,ethereum,eth,Ethereum,11.4034996,NULL,896764774,14966700,HISTORICAL
665,01-04-2016 05:30,ethereum,eth,Ethereum,8.8139801,NULL,701473017,36573300,HISTORICAL
666,01-05-2016 05:30,ethereum,eth,Ethereum,14.07730007,NULL,1134278934,42433400,HISTORICAL
667,01-06-2016 05:30,ethereum,eth,Ethereum,12.46150017,NULL,1016130567,15801300,HISTORICAL
668,01-07-2016 05:30,ethereum,eth,Ethereum,11.87590027,NULL,980174931,25441400,HISTORICAL
669,01-08-2016 05:30,ethereum,eth,Ethereum,11.67240047,NULL,975003119,11073700,HISTORICAL
670,01-09-2016 05:30,ethereum,eth,Ethereum,13.22480011,NULL,1117517388,5950840,HISTORICAL
671,01-10-2016 05:30,ethereum,eth,Ethereum,10.99820042,NULL,940578264,13393900,HISTORICAL
672,01-11-2016 05:30,ethereum,eth,Ethereum,8.58753967,NULL,742664775,10626600,HISTORICAL
673,01-12-2016 05:30,ethereum,eth,Ethereum,7.9691,NULL,696993600,9066800,HISTORICAL
674,01-01-2017 05:30,ethereum,eth,Ethereum,10.72749996,NULL,948748952,11648700,HISTORICAL
675,01-02-2017 05:30,ethereum,eth,Ethereum,15.81719971,NULL,1412825288,65478900,HISTORICAL
676,01-03-2017 05:30,ethereum,eth,Ethereum,50.03730011,NULL,4517835716,151416000,HISTORICAL
677,01-04-2017 05:30,ethereum,eth,Ethereum,79.02120209,NULL,7206669917,229944992,HISTORICAL
678,01-05-2017 05:30,ethereum,eth,Ethereum,230.6690064,NULL,21244817139,1271600000,HISTORICAL
679,01-06-2017 05:30,ethereum,eth,Ethereum,294.9159851,NULL,27404731860,1011800000,HISTORICAL
680,01-07-2017 05:30,ethereum,eth,Ethereum,203.8710022,NULL,19102596754,569414016,HISTORICAL
681,01-08-2017 05:30,ethereum,eth,Ethereum,383.0419922,NULL,36142706814,706254016,HISTORICAL
682,01-09-2017 05:30,ethereum,eth,Ethereum,301.4649963,NULL,28607406298,332439008,HISTORICAL
683,01-10-2017 05:30,ethereum,eth,Ethereum,305.8789978,NULL,29194751985,369583008,HISTORICAL
684,01-11-2017 05:30,ethereum,eth,Ethereum,447.1140137,NULL,42947937239,1903040000,HISTORICAL
685,01-12-2017 05:30,ethereum,eth,Ethereum,756.7329712,NULL,73170170967,2554269952,HISTORICAL
686,01-01-2018 05:30,ethereum,eth,Ethereum,1118.310059,NULL,1.08849E+11,3757560064,HISTORICAL
687,01-02-2018 05:30,ethereum,eth,Ethereum,855.1989746,NULL,83728564149,1963980032,HISTORICAL
688,01-03-2018 05:30,ethereum,eth,Ethereum,396.4570007,NULL,39066085342,1323920000,HISTORICAL
689,01-04-2018 05:30,ethereum,eth,Ethereum,669.9240112,NULL,66423712256,2853100032,HISTORICAL
690,01-05-2018 05:30,ethereum,eth,Ethereum,577.6450195,NULL,57643138807,1985040000,HISTORICAL
691,01-06-2018 05:30,ethereum,eth,Ethereum,455.1799927,NULL,45703302056,1475939968,HISTORICAL
692,01-07-2018 05:30,ethereum,eth,Ethereum,433.867,NULL,43839034237,1820680000,HISTORICAL
693,01-08-2018 05:30,ethereum,eth,Ethereum,283.004,NULL,28774922508,1411910000,HISTORICAL
694,01-09-2018 05:30,ethereum,eth,Ethereum,232.848,NULL,23817805502,1765560000,HISTORICAL
695,01-10-2018 05:30,ethereum,eth,Ethereum,197.381,NULL,20314628127,1442380000,HISTORICAL
696,01-11-2018 05:30,ethereum,eth,Ethereum,113.1714211,NULL,11716096076,2020748396,HISTORICAL
697,01-12-2018 05:30,ethereum,eth,Ethereum,133.3682635,NULL,13886837730,2358360234,HISTORICAL
698,01-01-2019 05:30,ethereum,eth,Ethereum,107.0610131,NULL,11204735502,2828796031,HISTORICAL
699,01-02-2019 05:30,ethereum,eth,Ethereum,136.746252,NULL,14365118213,4535438953,HISTORICAL
700,01-03-2019 05:30,ethereum,eth,Ethereum,141.5140941,NULL,14925533137,4249050197,HISTORICAL
701,01-04-2019 05:30,ethereum,eth,Ethereum,162.1660371,NULL,17170110493,6275803460,HISTORICAL
702,01-05-2019 05:30,ethereum,eth,Ethereum,268.1135603,NULL,28501098831,11255023515,HISTORICAL
703,01-06-2019 05:30,ethereum,eth,Ethereum,290.6959989,NULL,31020295932,10303111000,HISTORICAL
704,01-07-2019 05:30,ethereum,eth,Ethereum,218.6541458,NULL,23425015630,6003828340,HISTORICAL
705,01-08-2019 05:30,ethereum,eth,Ethereum,172.4697889,NULL,18549906272,5830212249,HISTORICAL
706,01-09-2019 05:30,ethereum,eth,Ethereum,179.8722015,NULL,19419149343,7552915148,HISTORICAL
707,01-10-2019 05:30,ethereum,eth,Ethereum,183.9669176,NULL,19937256794,9607939606,HISTORICAL
708,01-11-2019 05:30,ethereum,eth,Ethereum,152.5396914,NULL,16589132426,6565950868,HISTORICAL
709,01-12-2019 05:30,ethereum,eth,Ethereum,129.6108594,NULL,14139765786,8936866397,HISTORICAL
710,01-01-2020 05:30,ethereum,eth,Ethereum,180.1601752,NULL,19729633078,11728616394,HISTORICAL
711,01-02-2020 05:30,ethereum,eth,Ethereum,219.8485126,NULL,24162913195,18181296376,HISTORICAL
712,01-03-2020 05:30,ethereum,eth,Ethereum,133.5935651,NULL,14739376438,11065246317,HISTORICAL
713,01-04-2020 05:30,ethereum,eth,Ethereum,207.6020559,NULL,22989647065,28089191904,HISTORICAL
714,01-05-2020 05:30,ethereum,eth,Ethereum,230.9757009,NULL,25675542329,12234904813,HISTORICAL
715,01-06-2020 05:30,ethereum,eth,Ethereum,226.3149974,NULL,25249913730,6094093001,HISTORICAL
716,01-07-2020 05:30,ethereum,eth,Ethereum,345.5546493,NULL,38699278449,12030600492,HISTORICAL
717,01-08-2020 05:30,ethereum,eth,Ethereum,402.6442078,NULL,45260169372,2.82173E+11,HISTORICAL
718,01-09-2020 05:30,ethereum,eth,Ethereum,359.9378738,NULL,40606130498,6.40899E+11,HISTORICAL
719,01-10-2020 05:30,ethereum,eth,Ethereum,386.5903353,NULL,43776829150,4.16749E+11,HISTORICAL
720,01-11-2020 05:30,ethereum,eth,Ethereum,614.842522,NULL,69873714778,5.07753E+11,HISTORICAL
721,01-12-2020 05:30,ethereum,eth,Ethereum,737.8033977,NULL,84156810765,4.70673E+11,HISTORICAL
722,01-01-2021 05:30,ethereum,eth,Ethereum,1314.986229,NULL,1.50544E+11,2.2248E+12,HISTORICAL
723,01-02-2021 05:30,ethereum,eth,Ethereum,1416.048906,NULL,1.6265E+11,1.00772E+12,HISTORICAL
724,01-03-2021 05:30,ethereum,eth,Ethereum,1918.362061,NULL,2.21152E+11,7.30832E+11,HISTORICAL
725,01-04-2021 05:30,ethereum,eth,Ethereum,2773.207132,NULL,3.20823E+11,9.95334E+11,HISTORICAL
726,01-05-2021 05:30,ethereum,eth,Ethereum,2714.945344,NULL,3.15217E+11,1.51033E+12,HISTORICAL
727,01-06-2021 05:30,ethereum,eth,Ethereum,2274.547713,NULL,2.65001E+11,8.13523E+11,HISTORICAL
728,01-07-2021 05:30,ethereum,eth,Ethereum,2536.210035,NULL,2.96533E+11,6.29953E+11,HISTORICAL
729,01-08-2021 05:30,ethereum,eth,Ethereum,3433.732781,NULL,4.02903E+11,7.50208E+11,HISTORICAL
730,01-09-2021 05:30,ethereum,eth,Ethereum,3001.679052,NULL,3.53421E+11,6.53985E+11,HISTORICAL
731,01-10-2021 05:30,ethereum,eth,Ethereum,4288.074452,NULL,5.06664E+11,5.74798E+11,HISTORICAL
732,01-11-2021 05:30,ethereum,eth,Ethereum,4631.478795,NULL,5.49086E+11,5.73547E+11,HISTORICAL
733,01-12-2021 05:30,ethereum,eth,Ethereum,3682.632905,NULL,4.38128E+11,6.21042E+11,HISTORICAL
734,01-01-2022 05:30,ethereum,eth,Ethereum,2688.278922,NULL,3.2096E+11,4.91109E+11,HISTORICAL
735,01-02-2022 05:30,ethereum,eth,Ethereum,2919.201229,NULL,3.49639E+11,4.16163E+11,HISTORICAL
736,01-03-2022 05:30,ethereum,eth,Ethereum,3281.642878,NULL,3.94426E+11,4.36852E+11,HISTORICAL
737,01-04-2022 05:30,ethereum,eth,Ethereum,2730.186822,NULL,3.29246E+11,4.93826E+11,HISTORICAL
738,01-05-2022 05:30,ethereum,eth,Ethereum,1942.327998,NULL,2.35022E+11,6.25954E+11,HISTORICAL
739,01-06-2022 05:30,ethereum,eth,Ethereum,1067.2988,NULL,1.29526E+11,5.62033E+11,HISTORICAL
740,01-07-2022 05:30,ethereum,eth,Ethereum,1681.517319,NULL,2.04772E+11,5.34458E+11,HISTORICAL
741,01-08-2022 05:30,ethereum,eth,Ethereum,1553.684938,NULL,1.89844E+11,5.54163E+11,HISTORICAL
742,01-09-2022 05:30,ethereum,eth,Ethereum,1327.978638,NULL,1.62806E+11,4.96652E+11,HISTORICAL
743,01-10-2022 05:30,ethereum,eth,Ethereum,1572.714466,NULL,1.92459E+11,3.82072E+11,HISTORICAL
744,01-11-2022 05:30,ethereum,eth,Ethereum,1295.688606,NULL,1.58558E+11,4.23837E+11,HISTORICAL
745,01-12-2022 05:30,ethereum,eth,Ethereum,1196.771239,NULL,1.46454E+11,1.69265E+11,HISTORICAL
746,01-01-2023 05:30,ethereum,eth,Ethereum,1586.535374,NULL,1.9415E+11,2.24953E+11,HISTORICAL
747,01-02-2023 05:30,ethereum,eth,Ethereum,1605.895131,NULL,1.9652E+11,2.23749E+11,HISTORICAL
748,01-03-2023 05:30,ethereum,eth,Ethereum,1822.022119,NULL,2.19477E+11,3.02468E+11,HISTORICAL
749,01-04-2023 05:30,ethereum,eth,Ethereum,1876.924327,NULL,2.25975E+11,2.88662E+11,HISTORICAL
750,01-05-2023 05:30,ethereum,eth,Ethereum,1874.130435,NULL,2.25362E+11,2.02326E+11,HISTORICAL
751,01-06-2023 05:30,ethereum,eth,Ethereum,1933.188982,NULL,2.32408E+11,2.06194E+11,HISTORICAL
752,01-07-2023 05:30,ethereum,eth,Ethereum,1856.16234,NULL,2.23071E+11,1.77597E+11,HISTORICAL
753,01-08-2023 05:30,ethereum,eth,Ethereum,1645.639124,NULL,1.97832E+11,1.68678E+11,HISTORICAL
754,01-09-2023 05:30,ethereum,eth,Ethereum,1671.161811,NULL,2.00936E+11,1.34782E+11,HISTORICAL
755,01-10-2023 05:30,ethereum,eth,Ethereum,1816.458932,NULL,2.18465E+11,1.92663E+11,HISTORICAL
756,01-11-2023 05:30,ethereum,eth,Ethereum,2052.556076,NULL,2.468E+11,3.15825E+11,HISTORICAL
757,01-12-2023 05:30,ethereum,eth,Ethereum,2281.471302,NULL,2.74194E+11,3.51655E+11,HISTORICAL
758,01-01-2024 05:30,ethereum,eth,Ethereum,2282.544542,NULL,2.74323E+11,3.6541E+11,HISTORICAL
759,01-02-2024 05:30,ethereum,eth,Ethereum,3341.919603,NULL,4.01522E+11,4.35402E+11,HISTORICAL
760,01-03-2024 05:30,ethereum,eth,Ethereum,3647.85638,NULL,4.37996E+11,6.70105E+11,HISTORICAL
761,01-04-2024 05:30,ethereum,eth,Ethereum,3012.286744,NULL,3.67514E+11,4.80679E+11,HISTORICAL
762,01-05-2024 05:30,ethereum,eth,Ethereum,3760.026686,NULL,4.51715E+11,4.94713E+11,HISTORICAL
763,01-06-2024 05:30,ethereum,eth,Ethereum,3432.88909,NULL,4.12589E+11,4.14669E+11,HISTORICAL
764,01-07-2024 05:30,ethereum,eth,Ethereum,3231.295707,NULL,3.88556E+11,4.96826E+11,HISTORICAL
765,01-08-2024 05:30,ethereum,eth,Ethereum,2513.39374,NULL,3.02373E+11,5.53678E+11,HISTORICAL
766,01-09-2024 05:30,ethereum,eth,Ethereum,2603.062688,NULL,3.13325E+11,4.64624E+11,HISTORICAL
767,01-10-2024 05:30,ethereum,eth,Ethereum,2515.799222,NULL,3.0293E+11,5.29229E+11,HISTORICAL
768,01-11-2024 05:30,ethereum,eth,Ethereum,3705.705202,NULL,4.46423E+11,1.11391E+12,HISTORICAL
769,01-12-2024 05:30,ethereum,eth,Ethereum,3332.531721,NULL,4.01464E+11,1.2917E+12,HISTORICAL
770,01-01-2025 05:30,ethereum,eth,Ethereum,3298.265188,NULL,3.97569E+11,9.27646E+11,HISTORICAL
771,01-02-2025 05:30,ethereum,eth,Ethereum,2237.905242,NULL,2.69853E+11,8.19065E+11,HISTORICAL
772,01-03-2025 05:30,ethereum,eth,Ethereum,1823.480005,NULL,2.20026E+11,5.71527E+11,HISTORICAL
773,01-04-2025 05:30,ethereum,eth,Ethereum,1793.775362,NULL,2.16595E+11,5.1239E+11,HISTORICAL
774,01-05-2025 05:30,ethereum,eth,Ethereum,2481.566123,NULL,0,0,HISTORICAL
775,01-01-2014 05:30,dogecoin,doge,Dogecoin,0.00156025,NULL,63117338,1003380,HISTORICAL
776,01-02-2014 05:30,dogecoin,doge,Dogecoin,0.00107146,NULL,59135338,1519040,HISTORICAL
777,01-03-2014 05:30,dogecoin,doge,Dogecoin,0.00050515,NULL,33267624,1377400,HISTORICAL
778,01-04-2014 05:30,dogecoin,doge,Dogecoin,0.00050112,NULL,37748840,1149250,HISTORICAL
779,01-05-2014 05:30,dogecoin,doge,Dogecoin,0.00033901,NULL,27234154,870901,HISTORICAL
780,01-06-2014 05:30,dogecoin,doge,Dogecoin,0.00026661,NULL,22691565,382776,HISTORICAL
781,01-07-2014 05:30,dogecoin,doge,Dogecoin,0.00020931,NULL,18565327,189931,HISTORICAL
782,01-08-2014 05:30,dogecoin,doge,Dogecoin,0.00013098,NULL,11927738,291765,HISTORICAL
783,01-09-2014 05:30,dogecoin,doge,Dogecoin,0.00039947,NULL,37365528,760341,HISTORICAL
784,01-10-2014 05:30,dogecoin,doge,Dogecoin,0.00023618,NULL,22420933,186097,HISTORICAL
785,01-11-2014 05:30,dogecoin,doge,Dogecoin,0.00024206,NULL,23290366,239006,HISTORICAL
786,01-12-2014 05:30,dogecoin,doge,Dogecoin,0.00018661,NULL,18139022,314633,HISTORICAL
787,01-01-2015 05:30,dogecoin,doge,Dogecoin,0.00013912,NULL,13615064,237750,HISTORICAL
788,01-02-2015 05:30,dogecoin,doge,Dogecoin,0.00014493,NULL,14267559,65452,HISTORICAL
789,01-03-2015 05:30,dogecoin,doge,Dogecoin,0.0001256,NULL,12414248,51069,HISTORICAL
790,01-04-2015 05:30,dogecoin,doge,Dogecoin,0.00010347,NULL,10266864,121523,HISTORICAL
791,01-05-2015 05:30,dogecoin,doge,Dogecoin,0.00015369,NULL,15311674,332522,HISTORICAL
792,01-06-2015 05:30,dogecoin,doge,Dogecoin,0.00019876,NULL,19876570,470230,HISTORICAL
793,01-07-2015 05:30,dogecoin,doge,Dogecoin,0.00018419,NULL,18492176,137241,HISTORICAL
794,01-08-2015 05:30,dogecoin,doge,Dogecoin,0.00012896,NULL,12998994,41405,HISTORICAL
795,01-09-2015 05:30,dogecoin,doge,Dogecoin,0.00012313,NULL,12460520,39326,HISTORICAL
796,01-10-2015 05:30,dogecoin,doge,Dogecoin,0.00013709,NULL,13931364,156306,HISTORICAL
797,01-11-2015 05:30,dogecoin,doge,Dogecoin,0.00012845,NULL,13106192,149901,HISTORICAL
798,01-12-2015 05:30,dogecoin,doge,Dogecoin,0.00015101,NULL,15472014,95446,HISTORICAL
799,01-01-2016 05:30,dogecoin,doge,Dogecoin,0.00027703,NULL,28502888,1750220,HISTORICAL
800,01-02-2016 05:30,dogecoin,doge,Dogecoin,0.00024972,NULL,25795285,157905,HISTORICAL
801,01-03-2016 05:30,dogecoin,doge,Dogecoin,0.00023292,NULL,24159338,256164,HISTORICAL
802,01-04-2016 05:30,dogecoin,doge,Dogecoin,0.00022553,NULL,23484893,78880,HISTORICAL
803,01-05-2016 05:30,dogecoin,doge,Dogecoin,0.00023128,NULL,24183048,181107,HISTORICAL
804,01-06-2016 05:30,dogecoin,doge,Dogecoin,0.00030428,NULL,31941862,359916,HISTORICAL
805,01-07-2016 05:30,dogecoin,doge,Dogecoin,0.00023046,NULL,24291484,89187,HISTORICAL
806,01-08-2016 05:30,dogecoin,doge,Dogecoin,0.00023506,NULL,24877636,181570,HISTORICAL
807,01-09-2016 05:30,dogecoin,doge,Dogecoin,0.00023494,NULL,24963477,147126,HISTORICAL
808,01-10-2016 05:30,dogecoin,doge,Dogecoin,0.00022026,NULL,23498782,147892,HISTORICAL
809,01-11-2016 05:30,dogecoin,doge,Dogecoin,0.0002142,NULL,22940550,50524,HISTORICAL
810,01-12-2016 05:30,dogecoin,doge,Dogecoin,0.00022347,NULL,24029221,73496,HISTORICAL
811,01-01-2017 05:30,dogecoin,doge,Dogecoin,0.00020567,NULL,22203338,122078,HISTORICAL
812,01-02-2017 05:30,dogecoin,doge,Dogecoin,0.00020498,NULL,22208026,90932,HISTORICAL
813,01-03-2017 05:30,dogecoin,doge,Dogecoin,0.00032812,NULL,35689522,2525700,HISTORICAL
814,01-04-2017 05:30,dogecoin,doge,Dogecoin,0.00074631,NULL,81479217,3614180,HISTORICAL
815,01-05-2017 05:30,dogecoin,doge,Dogecoin,0.00265701,NULL,291223324,19840600,HISTORICAL
816,01-06-2017 05:30,dogecoin,doge,Dogecoin,0.00260168,NULL,286240722,4828560,HISTORICAL
817,01-07-2017 05:30,dogecoin,doge,Dogecoin,0.0017184,NULL,189798984,3841680,HISTORICAL
818,01-08-2017 05:30,dogecoin,doge,Dogecoin,0.00206352,NULL,228804389,12968400,HISTORICAL
819,01-09-2017 05:30,dogecoin,doge,Dogecoin,0.00114524,NULL,127462556,4092970,HISTORICAL
820,01-10-2017 05:30,dogecoin,doge,Dogecoin,0.00112424,NULL,125608534,3075460,HISTORICAL
821,01-11-2017 05:30,dogecoin,doge,Dogecoin,0.00207915,NULL,233164227,4919490,HISTORICAL
822,01-12-2017 05:30,dogecoin,doge,Dogecoin,0.00897159,NULL,1010010339,62256400,HISTORICAL
823,01-01-2018 05:30,dogecoin,doge,Dogecoin,0.00601021,NULL,679199153,14754700,HISTORICAL
824,01-02-2018 05:30,dogecoin,doge,Dogecoin,0.00601827,NULL,682419942,13227600,HISTORICAL
825,01-03-2018 05:30,dogecoin,doge,Dogecoin,0.00281939,NULL,320911092,3505010,HISTORICAL
826,01-04-2018 05:30,dogecoin,doge,Dogecoin,0.00521043,NULL,595237179,36411800,HISTORICAL
827,01-05-2018 05:30,dogecoin,doge,Dogecoin,0.00339807,NULL,389661096,8971080,HISTORICAL
828,01-06-2018 05:30,dogecoin,doge,Dogecoin,0.00249923,NULL,287630567,6122900,HISTORICAL
829,01-07-2018 05:30,dogecoin,doge,Dogecoin,0.00294472,NULL,340164809,14253600,HISTORICAL
830,01-08-2018 05:30,dogecoin,doge,Dogecoin,0.00479385,NULL,555832504,77150500,HISTORICAL
831,01-09-2018 05:30,dogecoin,doge,Dogecoin,0.00590575,NULL,687215143,13396600,HISTORICAL
832,01-10-2018 05:30,dogecoin,doge,Dogecoin,0.00376395,NULL,439603254,14273900,HISTORICAL
833,01-11-2018 05:30,dogecoin,doge,Dogecoin,0.00216473,NULL,253728206,11289729,HISTORICAL
834,01-12-2018 05:30,dogecoin,doge,Dogecoin,0.00234553,NULL,275928512,18724788,HISTORICAL
835,01-01-2019 05:30,dogecoin,doge,Dogecoin,0.00192497,NULL,227283335,13824059,HISTORICAL
836,01-02-2019 05:30,dogecoin,doge,Dogecoin,0.00197611,NULL,234089209,18191276,HISTORICAL
837,01-03-2019 05:30,dogecoin,doge,Dogecoin,0.00208047,NULL,247350012,18785300,HISTORICAL
838,01-04-2019 05:30,dogecoin,doge,Dogecoin,0.00251273,NULL,299790179,34753261,HISTORICAL
839,01-05-2019 05:30,dogecoin,doge,Dogecoin,0.00344112,NULL,412039595,85204091,HISTORICAL
840,01-06-2019 05:30,dogecoin,doge,Dogecoin,0.00325779,NULL,391423318,43549174,HISTORICAL
841,01-07-2019 05:30,dogecoin,doge,Dogecoin,0.00289942,NULL,349610538,21310977,HISTORICAL
842,01-08-2019 05:30,dogecoin,doge,Dogecoin,0.00251136,NULL,303898754,23927277,HISTORICAL
843,01-09-2019 05:30,dogecoin,doge,Dogecoin,0.00238732,NULL,289882719,56920760,HISTORICAL
844,01-10-2019 05:30,dogecoin,doge,Dogecoin,0.00261546,NULL,318711696,72101942,HISTORICAL
845,01-11-2019 05:30,dogecoin,doge,Dogecoin,0.00231969,NULL,283632278,89565611,HISTORICAL
846,01-12-2019 05:30,dogecoin,doge,Dogecoin,0.00202836,NULL,248883034,69469785,HISTORICAL
847,01-01-2020 05:30,dogecoin,doge,Dogecoin,0.00239357,NULL,294719511,76519295,HISTORICAL
848,01-02-2020 05:30,dogecoin,doge,Dogecoin,0.00223477,NULL,276061992,146635830,HISTORICAL
849,01-03-2020 05:30,dogecoin,doge,Dogecoin,0.00181094,NULL,224479953,156195510,HISTORICAL
850,01-04-2020 05:30,dogecoin,doge,Dogecoin,0.00244286,NULL,303821692,298563815,HISTORICAL
851,01-05-2020 05:30,dogecoin,doge,Dogecoin,0.00255457,NULL,318792346,188184731,HISTORICAL
852,01-06-2020 05:30,dogecoin,doge,Dogecoin,0.00231955,NULL,290426014,165641131,HISTORICAL
853,01-07-2020 05:30,dogecoin,doge,Dogecoin,0.00322536,NULL,405228598,54497306,HISTORICAL
854,01-08-2020 05:30,dogecoin,doge,Dogecoin,0.00298324,NULL,376074834,2829209721,HISTORICAL
855,01-09-2020 05:30,dogecoin,doge,Dogecoin,0.00263015,NULL,332662364,4543762872,HISTORICAL
856,01-10-2020 05:30,dogecoin,doge,Dogecoin,0.00257594,NULL,326906027,2740060984,HISTORICAL
857,01-11-2020 05:30,dogecoin,doge,Dogecoin,0.00355089,NULL,452099967,2225194148,HISTORICAL
858,01-12-2020 05:30,dogecoin,doge,Dogecoin,0.00468225,NULL,598149001,3810055046,HISTORICAL
859,01-01-2021 05:30,dogecoin,doge,Dogecoin,0.03719621,NULL,4767745805,5.08816E+11,HISTORICAL
860,01-02-2021 05:30,dogecoin,doge,Dogecoin,0.04805151,NULL,6177710994,1.34644E+11,HISTORICAL
861,01-03-2021 05:30,dogecoin,doge,Dogecoin,0.05365728,NULL,6921249082,38710898710,HISTORICAL
862,01-04-2021 05:30,dogecoin,doge,Dogecoin,0.33756111,NULL,43681559535,3.51157E+11,HISTORICAL
863,01-05-2021 05:30,dogecoin,doge,Dogecoin,0.32581045,NULL,42298953606,4.14762E+11,HISTORICAL
864,01-06-2021 05:30,dogecoin,doge,Dogecoin,0.25421537,NULL,33111043725,1.00114E+11,HISTORICAL
865,01-07-2021 05:30,dogecoin,doge,Dogecoin,0.20831411,NULL,27219722411,54956310689,HISTORICAL
866,01-08-2021 05:30,dogecoin,doge,Dogecoin,0.2784533,NULL,36501701126,1.08139E+11,HISTORICAL
867,01-09-2021 05:30,dogecoin,doge,Dogecoin,0.20424378,NULL,26858356706,53499067957,HISTORICAL
868,01-10-2021 05:30,dogecoin,doge,Dogecoin,0.28024445,NULL,36972572650,99274048635,HISTORICAL
869,01-11-2021 05:30,dogecoin,doge,Dogecoin,0.21471451,NULL,28413505414,51443079613,HISTORICAL
870,01-12-2021 05:30,dogecoin,doge,Dogecoin,0.17049619,NULL,22619859307,41345562839,HISTORICAL
871,01-01-2022 05:30,dogecoin,doge,Dogecoin,0.14180514,NULL,18813396718,33515229255,HISTORICAL
872,01-02-2022 05:30,dogecoin,doge,Dogecoin,0.13315646,NULL,17665969469,22443865575,HISTORICAL
873,01-03-2022 05:30,dogecoin,doge,Dogecoin,0.13782607,NULL,18285489532,21546128283,HISTORICAL
874,01-04-2022 05:30,dogecoin,doge,Dogecoin,0.12755741,NULL,16923138964,46860312737,HISTORICAL
875,01-05-2022 05:30,dogecoin,doge,Dogecoin,0.08586463,NULL,11391726302,27262573511,HISTORICAL
876,01-06-2022 05:30,dogecoin,doge,Dogecoin,0.06608558,NULL,8767624633,19084110887,HISTORICAL
877,01-07-2022 05:30,dogecoin,doge,Dogecoin,0.06827223,NULL,9057728540,13910802979,HISTORICAL
878,01-08-2022 05:30,dogecoin,doge,Dogecoin,0.0613301,NULL,8136711789,16644457759,HISTORICAL
879,01-09-2022 05:30,dogecoin,doge,Dogecoin,0.06165276,NULL,8179518753,10761069390,HISTORICAL
880,01-10-2022 05:30,dogecoin,doge,Dogecoin,0.12702599,NULL,16852635357,40267150421,HISTORICAL
881,01-11-2022 05:30,dogecoin,doge,Dogecoin,0.1068598,NULL,14177170963,49738850754,HISTORICAL
882,01-12-2022 05:30,dogecoin,doge,Dogecoin,0.07029399,NULL,9325956852,16212433188,HISTORICAL
883,01-01-2023 05:30,dogecoin,doge,Dogecoin,0.09616734,NULL,12758594171,17303932737,HISTORICAL
884,01-02-2023 05:30,dogecoin,doge,Dogecoin,0.08074911,NULL,10713046353,15650955312,HISTORICAL
885,01-03-2023 05:30,dogecoin,doge,Dogecoin,0.07703498,NULL,10688721915,12819277283,HISTORICAL
886,01-04-2023 05:30,dogecoin,doge,Dogecoin,0.07976933,NULL,11100461916,27996585366,HISTORICAL
887,01-05-2023 05:30,dogecoin,doge,Dogecoin,0.07166043,NULL,10002232101,7422348070,HISTORICAL
888,01-06-2023 05:30,dogecoin,doge,Dogecoin,0.06647857,NULL,9306051700,8267800013,HISTORICAL
889,01-07-2023 05:30,dogecoin,doge,Dogecoin,0.07781832,NULL,10925994240,15064851951,HISTORICAL
890,01-08-2023 05:30,dogecoin,doge,Dogecoin,0.06378524,NULL,8982278833,9829583944,HISTORICAL
891,01-09-2023 05:30,dogecoin,doge,Dogecoin,0.06214144,NULL,8775893558,5518240682,HISTORICAL
892,01-10-2023 05:30,dogecoin,doge,Dogecoin,0.0682775,NULL,9671021175,7761886555,HISTORICAL
893,01-11-2023 05:30,dogecoin,doge,Dogecoin,0.08341735,NULL,11849212886,21100778036,HISTORICAL
894,01-12-2023 05:30,dogecoin,doge,Dogecoin,0.08947156,NULL,12746626943,23655304139,HISTORICAL
895,01-01-2024 05:30,dogecoin,doge,Dogecoin,0.07876376,NULL,11254141062,15096122846,HISTORICAL
896,01-02-2024 05:30,dogecoin,doge,Dogecoin,0.11718474,NULL,16790060913,19964515779,HISTORICAL
897,01-03-2024 05:30,dogecoin,doge,Dogecoin,0.22006429,NULL,31623141219,1.09268E+11,HISTORICAL
898,01-04-2024 05:30,dogecoin,doge,Dogecoin,0.13332674,NULL,19212870615,64588245004,HISTORICAL
899,01-05-2024 05:30,dogecoin,doge,Dogecoin,0.15913579,NULL,22998630652,47099922038,HISTORICAL
900,01-06-2024 05:30,dogecoin,doge,Dogecoin,0.12430493,NULL,18014915043,23316589220,HISTORICAL
901,01-07-2024 05:30,dogecoin,doge,Dogecoin,0.12201372,NULL,17735427527,25451336994,HISTORICAL
902,01-08-2024 05:30,dogecoin,doge,Dogecoin,0.10133193,NULL,14770944197,22861691490,HISTORICAL
903,01-09-2024 05:30,dogecoin,doge,Dogecoin,0.11442756,NULL,16726681233,20365491339,HISTORICAL
904,01-10-2024 05:30,dogecoin,doge,Dogecoin,0.16137183,NULL,23657511071,46027605365,HISTORICAL
905,01-11-2024 05:30,dogecoin,doge,Dogecoin,0.42197103,NULL,62034515039,3.24161E+11,HISTORICAL
906,01-12-2024 05:30,dogecoin,doge,Dogecoin,0.31568071,NULL,46542609213,2.13279E+11,HISTORICAL
907,01-01-2025 05:30,dogecoin,doge,Dogecoin,0.32872803,NULL,48604920116,1.34577E+11,HISTORICAL
908,01-02-2025 05:30,dogecoin,doge,Dogecoin,0.20196252,NULL,29938279300,67123952625,HISTORICAL
909,01-03-2025 05:30,dogecoin,doge,Dogecoin,0.1667153,NULL,24784588502,48478298836,HISTORICAL
910,01-04-2025 05:30,dogecoin,doge,Dogecoin,0.17233954,NULL,25691510169,37362116330,HISTORICAL
911,01-05-2025 05:30,dogecoin,doge,Dogecoin,0.21627802,NULL,0,0,HISTORICAL
912,19-05-2025 11:57,bitcoin,btc,Bitcoin,102884,-0.6754,2.04513E+12,43128769887,HISTORICAL
913,19-05-2025 11:57,ethereum,eth,Ethereum,2386.1,-4.7992,2.88217E+11,30318689018,HISTORICAL
914,19-05-2025 11:57,dogecoin,doge,Dogecoin,0.218753,-1.0033,32690109361,2889101021,HISTORICAL
915,19-05-2025 12:02,bitcoin,btc,Bitcoin,102797,-0.7336,2.04334E+12,43237861231,HISTORICAL
916,19-05-2025 12:02,ethereum,eth,Ethereum,2385.44,-4.7851,2.8806E+11,30379065910,HISTORICAL
917,19-05-2025 12:02,dogecoin,doge,Dogecoin,0.218645,-1.0026,32655825429,2885686966,HISTORICAL
918,19-05-2025 12:07,bitcoin,btc,Bitcoin,102609,-0.8701,2.03936E+12,43606028308,HISTORICAL
919,19-05-2025 12:07,ethereum,eth,Ethereum,2381.74,-4.84,2.8763E+11,30418810709,HISTORICAL
920,19-05-2025 12:07,dogecoin,doge,Dogecoin,0.218402,-0.9922,32607542733,3051284571,HISTORICAL
921,19-05-2025 12:12,bitcoin,btc,Bitcoin,102548,-0.9268,2.03725E+12,43712278215,HISTORICAL
922,19-05-2025 12:12,ethereum,eth,Ethereum,2378.16,-4.9513,2.87219E+11,30444597485,HISTORICAL
923,19-05-2025 12:12,dogecoin,doge,Dogecoin,0.217842,-1.1259,32526913260,3056039476,HISTORICAL
924,19-05-2025 12:17,bitcoin,btc,Bitcoin,102516,-0.9212,2.03688E+12,43877114515,HISTORICAL
925,19-05-2025 12:17,ethereum,eth,Ethereum,2375.2,-5.0493,2.86875E+11,30500125213,HISTORICAL
926,19-05-2025 12:17,dogecoin,doge,Dogecoin,0.217238,-1.2409,32454657724,3065205269,HISTORICAL
927,19-05-2025 12:22,bitcoin,btc,Bitcoin,102510,-0.9056,2.0372E+12,43969906906,HISTORICAL
928,19-05-2025 12:22,ethereum,eth,Ethereum,2374.64,-4.9929,2.86724E+11,30515072712,HISTORICAL
929,19-05-2025 12:22,dogecoin,doge,Dogecoin,0.216861,-1.2822,32427854535,2903392100,HISTORICAL
930,19-05-2025 12:27,bitcoin,btc,Bitcoin,102408,-1.0112,2.03577E+12,44298268108,HISTORICAL
931,19-05-2025 12:27,ethereum,eth,Ethereum,2373.23,-4.9996,2.86604E+11,30536579682,HISTORICAL
932,19-05-2025 12:27,dogecoin,doge,Dogecoin,0.216844,-1.2532,32387554403,3069112383,HISTORICAL
933,19-05-2025 13:20,bitcoin,btc,Bitcoin,103022,-0.569,2.04606E+12,46229808985,HISTORICAL
934,19-05-2025 13:20,ethereum,eth,Ethereum,2399.33,-4.1684,2.89711E+11,31571765570,HISTORICAL
935,19-05-2025 13:20,dogecoin,doge,Dogecoin,0.218414,-0.9986,32605011997,2916345309,HISTORICAL
936,19-05-2025 13:20,bitcoin,btc,Bitcoin,103022,-0.569,2.04606E+12,46229808985,HISTORICAL
937,19-05-2025 13:20,ethereum,eth,Ethereum,2399.33,-4.1684,2.89711E+11,31571765570,HISTORICAL
938,19-05-2025 13:20,dogecoin,doge,Dogecoin,0.218414,-0.9986,32605011997,2916345309,HISTORICAL
939,19-05-2025 14:27,bitcoin,btc,Bitcoin,103201,-0.7472,2.04987E+12,45776501977,HISTORICAL
940,19-05-2025 14:27,ethereum,eth,Ethereum,2403.08,-4.6552,2.90124E+11,31183406150,HISTORICAL
941,19-05-2025 14:27,dogecoin,doge,Dogecoin,0.21707,-3.3431,32400406650,2904593161,HISTORICAL
942,19-05-2025 14:27,bitcoin,btc,Bitcoin,103201,-0.7472,2.04987E+12,45776501977,HISTORICAL
943,19-05-2025 14:27,ethereum,eth,Ethereum,2403.08,-4.6552,2.90124E+11,31183406150,HISTORICAL
944,19-05-2025 14:27,dogecoin,doge,Dogecoin,0.21707,-3.3431,32400406650,2904593161,HISTORICAL
945,19-05-2025 14:32,bitcoin,btc,Bitcoin,103188,-0.7596,2.04994E+12,45755384967,HISTORICAL
946,19-05-2025 14:32,ethereum,eth,Ethereum,2402.63,-4.6729,2.90082E+11,30944890305,HISTORICAL
947,19-05-2025 14:32,dogecoin,doge,Dogecoin,0.216786,-3.4696,32361542802,2904738579,HISTORICAL
948,19-05-2025 14:37,bitcoin,btc,Bitcoin,103223,-0.7371,2.05027E+12,45779151944,HISTORICAL
949,19-05-2025 14:37,ethereum,eth,Ethereum,2403.43,-4.6912,2.90107E+11,31409682620,HISTORICAL
950,19-05-2025 14:37,dogecoin,doge,Dogecoin,0.216881,-3.4944,32374728383,2906571503,HISTORICAL
951,19-05-2025 14:42,bitcoin,btc,Bitcoin,103180,-0.7908,2.04975E+12,45998328872,HISTORICAL
952,19-05-2025 14:42,ethereum,eth,Ethereum,2401.53,-4.796,2.90134E+11,31936842519,HISTORICAL
953,19-05-2025 14:42,dogecoin,doge,Dogecoin,0.216848,-3.5543,32368305222,2958835421,HISTORICAL
954,19-05-2025 14:47,bitcoin,btc,Bitcoin,103204,-0.7564,2.04966E+12,46076007115,HISTORICAL
955,19-05-2025 14:47,ethereum,eth,Ethereum,2401.99,-4.7325,2.89973E+11,31970860905,HISTORICAL
956,19-05-2025 14:47,dogecoin,doge,Dogecoin,0.216797,-3.5213,32373055727,2910421296,HISTORICAL
957,19-05-2025 14:52,bitcoin,btc,Bitcoin,103205,-0.7457,2.05025E+12,46068541761,HISTORICAL
958,19-05-2025 14:52,ethereum,eth,Ethereum,2403.44,-4.6465,2.90178E+11,31030841180,HISTORICAL
959,19-05-2025 14:52,dogecoin,doge,Dogecoin,0.216881,-3.4277,32375177781,2911612440,HISTORICAL
960,19-05-2025 14:57,bitcoin,btc,Bitcoin,103226,-0.7367,2.05044E+12,46122383925,HISTORICAL
961,19-05-2025 14:57,ethereum,eth,Ethereum,2404.01,-4.5899,2.90211E+11,31985740731,HISTORICAL
962,19-05-2025 14:57,dogecoin,doge,Dogecoin,0.217152,-3.243,32400598443,2962304869,HISTORICAL
963,19-05-2025 15:02,bitcoin,btc,Bitcoin,103250,-0.7143,2.05077E+12,46177174080,HISTORICAL
964,19-05-2025 15:02,ethereum,eth,Ethereum,2405.53,-4.5293,2.90261E+11,32093068347,HISTORICAL
965,19-05-2025 15:02,dogecoin,doge,Dogecoin,0.217267,-3.0338,32418941367,2961996872,HISTORICAL
966,19-05-2025 15:07,bitcoin,btc,Bitcoin,103261,-0.7132,2.05123E+12,46183152943,HISTORICAL
967,19-05-2025 15:07,ethereum,eth,Ethereum,2407.95,-4.3265,2.90549E+11,32109009397,HISTORICAL
968,19-05-2025 15:07,dogecoin,doge,Dogecoin,0.21738,-2.8981,32431236399,2911038460,HISTORICAL
969,19-05-2025 15:12,bitcoin,btc,Bitcoin,103254,-0.7194,2.05129E+12,46155699300,HISTORICAL
970,19-05-2025 15:12,ethereum,eth,Ethereum,2410.32,-4.2326,2.9086E+11,32138734609,HISTORICAL
971,19-05-2025 15:12,dogecoin,doge,Dogecoin,0.217721,-2.6355,32485947282,2907903042,HISTORICAL
972,19-05-2025 15:17,bitcoin,btc,Bitcoin,103231,-0.6994,2.05098E+12,46235112354,HISTORICAL
973,19-05-2025 15:17,ethereum,eth,Ethereum,2411.58,-4.0893,2.91098E+11,32173283768,HISTORICAL
974,19-05-2025 15:17,dogecoin,doge,Dogecoin,0.2178,-2.5041,32509700890,2907036551,HISTORICAL
975,19-05-2025 15:22,bitcoin,btc,Bitcoin,103208,-0.7121,2.05051E+12,46305695217,HISTORICAL
976,19-05-2025 15:22,ethereum,eth,Ethereum,2410.75,-4.0906,2.91071E+11,32185193965,HISTORICAL
977,19-05-2025 15:22,dogecoin,doge,Dogecoin,0.217717,-2.3097,32510419273,2905007351,HISTORICAL
978,19-05-2025 15:27,bitcoin,btc,Bitcoin,103163,-0.74,2.04936E+12,46367667731,HISTORICAL
979,19-05-2025 15:27,ethereum,eth,Ethereum,2410.02,-4.0503,2.90956E+11,32324957333,HISTORICAL
980,19-05-2025 15:27,dogecoin,doge,Dogecoin,0.217578,-2.2571,32480016652,2900850282,HISTORICAL
981,19-05-2025 15:32,bitcoin,btc,Bitcoin,103134,-0.7206,2.04897E+12,46353285053,HISTORICAL
982,19-05-2025 15:32,ethereum,eth,Ethereum,2409.42,-4.0286,2.90899E+11,32332865842,HISTORICAL
983,19-05-2025 15:32,dogecoin,doge,Dogecoin,0.2173,-2.4389,32468171012,2895877735,HISTORICAL
984,19-05-2025 15:37,bitcoin,btc,Bitcoin,103056,-0.813,2.04787E+12,46526226156,HISTORICAL
985,19-05-2025 15:37,ethereum,eth,Ethereum,2406.54,-4.1014,2.90695E+11,32356420234,HISTORICAL
986,19-05-2025 15:37,dogecoin,doge,Dogecoin,0.217027,-2.6048,32396332651,3058384309,HISTORICAL
987,19-05-2025 15:42,bitcoin,btc,Bitcoin,103003,-0.8622,2.04705E+12,46548742911,HISTORICAL
988,19-05-2025 15:42,ethereum,eth,Ethereum,2403.8,-4.2127,2.90305E+11,32377325707,HISTORICAL
989,19-05-2025 15:42,dogecoin,doge,Dogecoin,0.216939,-2.7026,32387990693,3107973809,HISTORICAL
990,19-05-2025 15:47,bitcoin,btc,Bitcoin,102982,-0.887,2.04597E+12,46583482267,HISTORICAL
991,19-05-2025 15:47,ethereum,eth,Ethereum,2401.42,-4.3336,2.90161E+11,32382268705,HISTORICAL
992,19-05-2025 15:47,dogecoin,doge,Dogecoin,0.21654,-2.9088,32382710699,2889911789,HISTORICAL
993,19-05-2025 15:52,bitcoin,btc,Bitcoin,102940,-0.9241,2.04498E+12,46627921185,HISTORICAL
994,19-05-2025 15:52,ethereum,eth,Ethereum,2400.95,-4.3572,2.89865E+11,32391954062,HISTORICAL
995,19-05-2025 15:52,dogecoin,doge,Dogecoin,0.216532,-2.8622,32320266995,2889972979,HISTORICAL
996,19-05-2025 15:57,bitcoin,btc,Bitcoin,102982,-0.8522,2.04566E+12,46728867404,HISTORICAL
997,19-05-2025 15:57,ethereum,eth,Ethereum,2402.45,-4.186,2.89967E+11,32429120054,HISTORICAL
998,19-05-2025 15:57,dogecoin,doge,Dogecoin,0.216703,-2.7102,32346972537,2892658353,HISTORICAL
999,19-05-2025 16:02,bitcoin,btc,Bitcoin,102995,-0.8394,2.04577E+12,46691574183,HISTORICAL
1000,19-05-2025 16:02,ethereum,eth,Ethereum,2403.89,-4.1059,2.9006E+11,32453780536,HISTORICAL
